都道府県コード又は市区町村コード,NO,都道府県名,市区町村名,名称,名称_カナ,住所,方書,緯度,経度,設置位置,電話番号,内線番号,利用可能日時特記事項,小児対応設備の有無,URL,備考
032069,0000000001,岩手県,北上市,岩手県企業局県南管理施設,イワテケンキギョウキョクケンナンカンリシセツ,北上市北工業団地５番８号,,39.335548,141.131653,２階事務所,0197-66-3233,,施設就業時間等に準ずる,,,
032069,0000000002,岩手県,北上市,岩手県農業研究センター,イワテケンノウギョウケンキュウセンター,北上市成田20地割１番地,,39.351524,141.104294,"本部１階正面入口
博物館１階正面入口",0197-68-2331,,施設就業時間等に準ずる,,,
032069,0000000003,岩手県,北上市,スリーエムジャパンプロダクツ㈱岩手事業所,スリーエムジャパンプロダクツカブシキガイシャイワテジギョウショ,北上市北工業団３番17号,,39.334106,141.126282,１階従業員玄関,0197-66-4500,,施設就業時間等に準ずる,,,
032069,0000000004,岩手県,北上市,(株)ジャパンセミコンダクター,ジャパンセミコンダクター,北上市北工業団地６番６号,,39.339302,141.12558,"西口１階警備室
201棟１階ロビー
103棟１階東側通路
105B棟１階事務所
１階体育館ロビー
301棟２階事務所
106棟３階エレベーターホール",0197-71-3003,,施設就業時間等に準ずる,,,
032069,0000000005,岩手県,北上市,岩手三菱ふそう自動車販売㈱花北営業所,イワテミツビシフソウジドウシャハンバイカブシキガイシャハナキタエイギョウショ,北上市飯豊23地割130番地２,,39.345901,141.108475,１階事務室,0197-68-2226,,施設就業時間等に準ずる,,,
032069,0000000006,岩手県,北上市,㈱薄衣電解工業　北上工場,カブシキガイシャウスイデンカイコウギョウ　キタカミコウジョウ,北上市北工業団地１番10号,,39.329994,141.12114,１階総務課事務所,0197-66-6161,,施設就業時間等に準ずる,,,
032069,0000000007,岩手県,北上市,㈱後藤製作所　東北工場,カブシキガイシャゴトウセイサクショ　トウホクコウジョウ,北上市北工業団地１番17号,,39.332073,141.123062,第一工場１階ロビー,0197-66-6051,,施設就業時間等に準ずる,,,
032069,0000000008,岩手県,北上市,㈱サトー北上事業所,サトーキタカミジギョウショ,北上市北工業団地１番25号,,39.335079,141.122406,受付１階守衛室,0197-66-4358,,施設就業時間等に準ずる,,,
032069,0000000009,岩手県,北上市,シチズン時計マニュファクチャリング㈱東北北上工場,シチズントケイマニュファクチャリングカブシキガイシャトウホクキタカミコウジョウ,北上市北工業団地２番25号,,39.334629,141.127243,１号棟２階受付,0197-66-2301,,施設就業時間等に準ずる,,,
032069,0000000010,岩手県,北上市,しみず斎園,シミズサイエン,北上市北工業団地５番36号,,39.338135,141.134598,１階待合ホール,0197-66-2725,,施設就業時間等に準ずる,,,
032069,0000000011,岩手県,北上市,東鋼スチールコード株式会社,トウコウスチールコードカブシキガイシャ,北上市北工業団地７番１号,,39.335377,141.122421,"作業長室
階作業場の作業長室",0197-66-2101,,施設就業時間等に準ずる,,,設置階不明
032069,0000000012,岩手県,北上市,北上市成田スポーツ交流館,キタカミシナリタスポーツコウリュウカン,北上市成田24地割23番地,,39.348206,141.114471,１階体育館,0197-66-6002,,施設就業時間等に準ずる,,,
032069,0000000013,岩手県,北上市,花北興産有限会社　花北モータースクール,ハナキタコウサンユウゲンガイシャ　ハナキタモータースクール,北上市飯豊24地割75番地2,,39.344528,141.106613,１階事務室,0197-68-2523,,施設就業時間等に準ずる,,,
032069,0000000014,岩手県,北上市,㈱ミスズ工業岩手工場,カブシキガイシャミスズコウギョウイワテコウジョウ,北工業団地1番15号,,39.331177,141.123001,１階エントランス,0197-66-6100,,施設就業時間等に準ずる,,,
032069,0000000015,岩手県,北上市,生物工学研究所,セイブツコウガクケンキュウショ,北上市成田22地割174番地４,,39.350937,141.106812,１階玄関ホール,0197-68-2911,,施設就業時間等に準ずる,,,
032069,0000000016,岩手県,北上市,村崎野勤労者体育館,ムラサキノキンロウシャタイイクカン,北上市北工業団１番７号,,39.334106,141.126282,１階体育館,0197-66-3304,,施設就業時間等に準ずる,,,
032069,0000000017,岩手県,北上市,株式会社マルサ,カブシキガイシャマルサ,北上市成田26地割83番地12,,39.34359,141.118118,１階正面玄関,0197-68-2288,,施設就業時間等に準ずる,,,
032069,0000000018,岩手県,北上市,㈱サステック東北,カブシキガイシャサステックトウホク,北上市北工業団地1番16号,,39.331638,141.123032,１階事務所,0197-66-5611,,施設就業時間等に準ずる,,,
032069,0000000019,岩手県,北上市,㈱鈴木商館東北支店岩手事業所,スズキショウカントウホクシテンイワテジギョウショ,北上市北工業団地５番11号,,39.335781,141.130112,１階正面玄関,0197-66-5211,,施設就業時間等に準ずる,,,
032069,0000000020,岩手県,北上市,(有)ホクスイ精工,ユウゲンガイシャホクスイセイコウ,北上市北工業団地５番９号,,39.335724,141.131378,１階事務所,0197-66-3278,,施設就業時間等に準ずる,,,設置階不明
032069,0000000021,岩手県,北上市,あや歯科医院,アヤシカイイン,北上市村崎野16地割284番地,,39.326447,141.105362,１階レントゲン室,0197-68-4811,,施設就業時間等に準ずる,,,
032069,0000000022,岩手県,北上市,飯豊地区交流センター,イイトヨチクコウリュウセンター,北上市村崎野12地割67番地６,,39.333263,141.09375,１階正面玄関ロビー,0197-68-2001,,施設就業時間等に準ずる,,,
032069,0000000023,岩手県,北上市,天照御神社社務所（伊勢神社）,アマテラスオジンジャシャムショ（イセジンジャ）,北上市村崎野24地割79番地３,,39.328304,141.123138,１階社務所,0197-66-2244,,施設就業時間等に準ずる,,,
032069,0000000024,岩手県,北上市,カメイ株式会社花北ガスターミナル,カメイカブシキガイシャハナキタガスターミナル,北上市村崎野19地割127番地２,,39.337276,141.10704,２階事務所,0197-68-3117,,施設就業時間等に準ずる,,,
032069,0000000025,岩手県,北上市,北上信用金庫むらさきの支店,キタカミシンヨウキンコムラサキノシテン,北上市村崎野15地割268番地４,,39.322781,141.109955,１階ロビー,0197-66-3133,,施設就業時間等に準ずる,,,
032069,0000000026,岩手県,北上市,県立黒沢尻工業高校,ケンリツクロサワジリコウギョウコウコウ,北上市村崎野24地割19番地,,39.328869,141.126007,１階保健室前廊下,0197-66-4115,,施設就業時間等に準ずる,,,
032069,0000000027,岩手県,北上市,佐々木歯科医院,ササキシカイイン,北上市村崎野15地割537番地５,,39.321671,141.113281,１階診療室,0197-66-4184,,施設就業時間等に準ずる,,,
032069,0000000028,岩手県,北上市,㈱システムベース,カブシキガイシャシステムベース,北上市村崎野19地割116番地４,,39.33643,141.108078,１階ロビー,0197-71-1111,,施設就業時間等に準ずる,,,
032069,0000000029,岩手県,北上市,東北精密株式会社,トウホクセイミツカブシキガイシャ,北上市村崎野22地割83番地13,,39.336262,141.115814,"１階第３工場検査室
１階第２工場玄関",0197-71-1632,,施設就業時間等に準ずる,,,
032069,0000000030,岩手県,北上市,東北ポール㈱,トウホクポールカブシキガイシャ,北上市村崎野16地割120番地,,39.326031,141.119156,１階事務所,0197-66-2316,,施設就業時間等に準ずる,,,
032069,0000000031,岩手県,北上市,特別養護老人ホームいいとよ,トクベツヨウゴロウジンホームイイトヨ,北上市村崎野12地割74番地28,,39.33242,141.09729,１階ホール,0197-71-1377,,施設就業時間等に準ずる,,,
032069,0000000032,岩手県,北上市,むらさきの歯科医院,ムラサキノシカイイン,北上市村崎野16地割166番地３,,39.324944,141.113327,１階診療室,0197-71-3418,,施設就業時間等に準ずる,,,
032069,0000000033,岩手県,北上市,（株）村崎野タクシー,カブシキガイシャムラサキノタクシー,北上市村崎野15地割314番地６,,39.323524,141.121094,１階事務所,0197-68-3087,,施設就業時間等に準ずる,,,
032069,0000000034,岩手県,北上市,飯豊小学校,イイトヨショウガッコウ,北上市村崎野11地割101番地,,39.341705,141.095596,"２階職員室
１階体育館入口",0197-68-2510,,施設就業時間等に準ずる,,,
032069,0000000035,岩手県,北上市,飯豊中学校,イイトヨチュウガッコウ,北上市村崎野11地割200番地,,39.338936,141.098862,"１階職員室前廊下
１階体育館入口",0197-68-2714,,施設就業時間等に準ずる,,,
032069,0000000036,岩手県,北上市,いいとよ保育園,イイトヨホイクエン,北上市村崎野12地割74番地１,,39.33242,141.09729,１階玄関,0197-72-7401,,施設就業時間等に準ずる,,,
032069,0000000037,岩手県,北上市,県立中部病院,ケンリツチュウブビョウイン,北上市村崎野17地割10番地,,39.329899,141.104996,"１階緩和ケア病棟スタッフステーション内
１階放射線科待合
１階外来C受付前通路
１階Yショップ売店掲示板付近通路
２階２病棟スタッフステーション前通路
３階３西スタッフステーション前通路
４階４西スタッフステーション前通路
５階５東スタッフステーション前通路",0197-71-1511,,施設就業時間等に準ずる,,,
032069,0000000038,岩手県,北上市,（株）グリーンシステム北上開発センター,カブシキガイシャグリーンシステムキタカミカイハツセンター,北上市村崎野14地割194番地8,,39.316601,141.11972,２階事務室,71-3477,,施設就業時間等に準ずる,,,
032069,0000000039,岩手県,北上市,（株）ケディカ北上工場,カブシキガイシャケディカキタカミコウジョウ,北上市村崎野23地割30番地14,,39.332184,141.118896,１階工場管理室,68-2577,,施設就業時間等に準ずる,,,
032069,0000000040,岩手県,北上市,タイヤ館北上,タイヤカンキタカミ,北上市村崎野14地割466番地1,,39.316944,141.110519,１階店内,0197-66-3333,,施設就業時間等に準ずる,,,
032069,0000000041,岩手県,北上市,（株）ツガワ北上工場,カブシキガイシャツガワキタカミコウジョウ,北上市村崎野21地割26番地3,,39.340191,141.117615,１階従業員出入口付近廊下,0197-68-3133,,施設就業時間等に準ずる,,,
032069,0000000042,岩手県,北上市,医療法人社団　花北病院,イリョウホウジンシャダン　ハナキタビョウイン,北上市村崎野16地割89番地1,,39.325264,141.120773,"１階外来診察室内
２階ナースステーション
３階ナースステーション",0197-68-2311,,施設就業時間等に準ずる,,,
032069,0000000043,岩手県,北上市,パンチ工業㈱北上工場,パンチコウギョウカブシキガイシャキタカミコウジョウ,北上市村崎野21地割26番地17,,39.340191,141.117615,"第１工場Ｏ棟２階総務課事務室内
第２工場Ｂ棟１階入口付近廊下",0197-68-3087,,施設就業時間等に準ずる,,,
032069,0000000044,岩手県,北上市,（株）ユアテック北上営業所,カブシキガイシャユアテックキタカミエイギョウショ,北上市村崎野18地割76番地1,,39.331917,141.108459,１階営業所内,0197-66-4841,,施設就業時間等に準ずる,,,
032069,0000000045,岩手県,北上市,㈱東北マツダ北上店,カブシキガイシャトウホクマツダキタカミテン,北上市村崎野22地割133番地3,,39.334122,141.111206,１階店内,0197-68-2211,,施設就業時間等に準ずる,,,
032069,0000000046,岩手県,北上市,㈱中村商会,カブシキガイシャナカムラショウカイ,北上市村崎野13地割25番地11,,39.327232,141.098267,１階事務室,0197-68-2300,,施設就業時間等に準ずる,,,
032069,0000000047,岩手県,北上市,ショートステイ　紅音,ショートステイ　アカネ,北上市村崎野14地割432番地10,,39.320541,141.115326,１階事務室,0197-72-6156,,施設就業時間等に準ずる,,,
032069,0000000048,岩手県,北上市,ピー・エス・コンクリート㈱北上工場,ピーエスコンクリートカブシキガイシャキタカミコウジョウ,北上市村崎野14地割426番地,,39.316601,141.11972,１階食堂,0197-66-2021,,施設就業時間等に準ずる,,,使用の際は事務所に声をかけること。
032069,0000000049,岩手県,北上市,奥羽生コンクリート㈱花北工場,オウウナマコンクリートカブシキガイシャハナキタコウジョウ,北上市村崎野22地割161番地,,39.336262,141.115814,１階事務室,0197-68-2231,,施設就業時間等に準ずる,,,
032069,0000000050,岩手県,北上市,㈱岩手黒沢尻ガスセンター,カブシキガイシャイワテクロサワジリガスセンター,北上市村崎野21地割66番地,,39.339729,141.115601,２階事務室,0197-66-7707,,施設就業時間等に準ずる,,,
032069,0000000051,岩手県,北上市,グループホーム　おおきな木,グループホーム　オオキナキ,北上市村崎野20地割64番地３,,39.342857,141.105011,１階廊下,0197-62-3316,,施設就業時間等に準ずる,,,
032069,0000000052,岩手県,北上市,あかつき印刷㈱東北営業所,アカツキインサツカブシキガイシャトウホクエイギョウジョ,北上市藤沢17地割96番地１,,39.310623,141.104309,１階玄関ホール,0197-63-4876,,施設就業時間等に準ずる,,,
032069,0000000053,岩手県,北上市,アルバックテクノ㈱ＣＳセンター,アルバックテクノカブシキガイシャシーエスセンター,北上市流通センター15番35号,,39.315903,141.095612,２階事務室内,0197-68-2665,,施設就業時間等に準ずる,,,
032069,0000000054,岩手県,北上市,伊東歯科医院,イトウシカイイン,北上市常盤台一丁目23番13号,,39.303501,141.118835,１階受付カウンター,0197-61-0246,,施設就業時間等に準ずる,,,
032069,0000000055,岩手県,北上市,北上市アカデミースポーツ施設,キタカミシアカデミースポーツシセツ,北上市藤沢22地割37番10号,,39.305435,141.119507,１階入口付近,0197-64-5905,,施設就業時間等に準ずる,,,
032069,0000000056,岩手県,北上市,北上市総合福祉センター,キタカミシソウゴウフクシセンター,北上市常盤台二丁目１番63号,,39.300137,141.117279,１階事務室受付カウンター,0197-64-1212,,施設就業時間等に準ずる,,,
032069,0000000057,岩手県,北上市,黒沢尻北高校,クロサワジリキタコウコウ,北上市常盤台一丁目１番69号,,39.29726,141.121811,１階職員玄関、グラウンド,0197-63-2181,,施設就業時間等に準ずる,,,
032069,0000000058,岩手県,北上市,黒沢尻北小学校,クロサワジリキタショウガッコウ,北上市常盤台一丁目22番33号,,39.30418,141.117691,"１階保健室
１階体育館入口",0197-65-3313,,施設就業時間等に準ずる,,,
032069,0000000059,岩手県,北上市,黒沢尻北地区交流センター,クロサワジリキタチクコウリュウセンター,北上市常盤台一丁目30番20号,,39.304455,141.120193,１階玄関付近,0197-65-1941,,施設就業時間等に準ずる,,,
032069,0000000060,岩手県,北上市,黒沢尻幼稚園,クロサワジリヨウチエン,北上市常盤台一丁目７番66号,,39.300995,141.119202,１階職員室,0197-63-3504,,施設就業時間等に準ずる,,,
032069,0000000061,岩手県,北上市,ケアハウス常盤台,ケアハウストキワダイ,北上市常盤台四丁目７番28号,,39.306919,141.11058,１階玄関ロビー,0197-61-3260,,施設就業時間等に準ずる,,,
032069,0000000062,岩手県,北上市,ケアハウス常心の里,ケアハウスジョウシンノサト,北上市常盤台四丁目７番32号,,39.307026,141.110153,１階玄関,0197-87-9088,,施設就業時間等に準ずる,,,
032069,0000000063,岩手県,北上市,つつみが丘歯科医院,ツツミガオカシカイイン,北上市堤ヶ丘一丁目６番11号,,39.307056,141.115112,１階処置室,0197-63-3646,,施設就業時間等に準ずる,,,
032069,0000000064,岩手県,北上市,東北ミサワホーム(株)盛岡支店北上店,トウホクミサワホームカブシキガイシャモリオカシテンキタカミテン,北上市常盤台一丁目21番5号,,39.303326,141.116379,１階事務室,0197-64-3211,,施設就業時間等に準ずる,,,
032069,0000000065,岩手県,北上市,花巻農業協同組合北上統括支店,ハナマキノウギョウキョウドウクミアイキタカミトウカツシテン,北上市流通センター19番33号,,39.317795,141.098618,１階金融課事務室,0197-71-1300,,施設就業時間等に準ずる,,,
032069,0000000066,岩手県,北上市,パチンコひまわり北上店,パチンコヒマワリキタカミテン,北上市堤ヶ丘一丁目７番７号,,39.307961,141.114822,１階カウンター,0197-61-5750,,施設就業時間等に準ずる,,,
032069,0000000067,岩手県,北上市,丸片機水工業株式会社,マルカタキスイコウギョウカブシキガイシャ,北上市常盤台四丁目９番21号,,39.309608,141.111526,,0197-63-7774,,施設就業時間等に準ずる,,,営業車２台に積載
032069,0000000068,岩手県,北上市,ウインズ北上ライト館,ウインズキタカミライトカン,北上市藤沢20地割123番地,,39.312016,141.111221,１階サービスカウンター付近,0197-64-3810,,施設就業時間等に準ずる,,,
032069,0000000069,岩手県,北上市,わたなべ歯科医院,ワタナベシカイイン,北上市常盤台二丁目13番37号,,39.301384,141.116852,１階診療室,0197-61-2911,,施設就業時間等に準ずる,,,
032069,0000000070,岩手県,北上市,(株)シチズンマシナリー北上事業所,カブシキガイシャシチズンマシナリーキタカミジギョウショ,北上市流通センター15番１号,,39.316166,141.091827,１階第１事務室,0197-68-2500,,施設就業時間等に準ずる,,,
032069,0000000071,岩手県,北上市,北萩寮　,ホクシュウリョウ,北上市町分２地割62番地１,,39.306923,141.107361,１階玄関,0197-63-7278,,施設就業時間等に準ずる,,,
032069,0000000072,岩手県,北上市,北良㈱,ホクリョウカブシキガイシャ,北上市堤ケ丘一丁目９番32号,,39.309494,141.115372,１階業者入口,0197-65-0155,,施設就業時間等に準ずる,,,
032069,0000000073,岩手県,北上市,藤沢広場,フジサワヒロバ,北上市流通センター１番16号,,39.316338,141.096405,１階管理棟,0197-66-6651,,施設就業時間等に準ずる,,,
032069,0000000074,岩手県,北上市,サンレック北上,サンレックきたかみ,北上市常盤台二丁目１番33号,,39.299919,141.115738,１階事務室,0197-64-5500,,施設就業時間等に準ずる,,,
032069,0000000075,岩手県,北上市,ヤマト㈱岩手主管支店,ヤマトカブシキガイシャイワテシュカンシテン,北上市流通センター17番3号,,39.315468,141.097763,１階入口付近,0197-68-3821,,施設就業時間等に準ずる,,,
032069,0000000076,岩手県,北上市,ヤマト㈱岩手主管支店　第２ベース,ヤマトカブシキガイシャイワテシュカンシテン　ダイニベース,北上市流通センター9番31号,,39.315456,141.099396,１階入口付近,0197-68-3821,,施設就業時間等に準ずる,,,
032069,0000000077,岩手県,北上市,㈱アジテック,カブシキガイシャアジテック,北上市流通センター19番70号,,39.319527,141.100891,１階事務所,0197-81-4500,,施設就業時間等に準ずる,,,
032069,0000000078,岩手県,北上市,日本通運㈱北上支店,ニホンツウウンカブシキガイシャキタカミシテン,北上市流通センター13番10号,,39.314381,141.094162,１階事務所,0197-68-2112,,施設就業時間等に準ずる,,,
032069,0000000079,岩手県,北上市,ホーマック北上藤沢店,ホーマックキタカミフジサワテン,北上市藤沢20地割36番地1,,39.312016,141.111221,１階サービスカウンター,0197-61-4600,,施設就業時間等に準ずる,,,
032069,0000000080,岩手県,北上市,㈱篠崎運送倉庫岩手支店,カブシキガイシャシノザキウンソウソウコイワテシテン,北上市流通センター１番27号,,39.313061,141.098236,１階事務所,0197-72-7951,,施設就業時間等に準ずる,,,
032069,0000000081,岩手県,北上市,三和シャッター工業㈱北上営業所,サンワシャッターコウギョウカブシキガイシャキタカミエイギョウショ,北上市流通センター20番19号,,39.317924,141.097412,１階玄関,0197-68-4570,,施設就業時間等に準ずる,,,
032069,0000000082,岩手県,北上市,ハートパルきたかみ,ハートパルキタカミ,北上市藤沢21地割12番地11,,39.31147,141.118149,１階体育館入口,0197-63-2251,,施設就業時間等に準ずる,,,
032069,0000000083,岩手県,北上市,北日本重機(有),キタニホンジュウキユウゲンガイシャ,北上市流通センター24番24号,,39.319794,141.095306,１階事務所,0197-72-6001,,施設就業時間等に準ずる,,,
032069,0000000084,岩手県,北上市,ひだまり北上にこっと,ヒダマリキタカミニコット,北上市町分２地割384番地５,,39.301632,141.104248,１階玄関,0197-72-5781,,施設就業時間等に準ずる,,,
032069,0000000085,岩手県,北上市,岩手銀行北上支店,イワテギンコウキタカミシテン,北上市本通り二丁目４番９号,,39.289593,141.118362,１階カウンター,0197-63-3111,,施設就業時間等に準ずる,,,
032069,0000000086,岩手県,北上市,小豆嶋胃腸科内科クリニック,ショウズシマイチョウカナイカクリニック,北上市本通り四丁目13番６号,,39.294941,141.120346,１階処置室,0197-65-6006,,施設就業時間等に準ずる,,,
032069,0000000087,岩手県,北上市,高橋歯科医院,タカハシシカイイン,北上市本通り一丁目８番34号,,39.287151,141.115341,１階診療室,0197-63-3431,,施設就業時間等に準ずる,,,
032069,0000000088,岩手県,北上市,ツインモールプラザ東館（イオンシネマ）,ツインモールプラザヒガシカン（イオンシネマ）,北上市本通り二丁目２番１号,,39.289082,141.115906,５階ロビー,0197-61-5511,,施設就業時間等に準ずる,,,
032069,0000000089,岩手県,北上市,東北銀行北上支店,トウホクギンコウキタカミシテン,北上市本通り一丁目５番12号,,39.286491,141.113907,１階ロビー,0197-63-3321,,施設就業時間等に準ずる,,,
032069,0000000090,岩手県,北上市,とも歯科クリニック,トモシカクリニック,北上市本通り一丁目８番17号,,39.287937,141.114929,１階診療室,0197-64-1601,,施設就業時間等に準ずる,,,
032069,0000000091,岩手県,北上市,福田歯科医院,フクダシカイイン,北上市本通り三丁目９番10号,,39.293255,141.120087,１階診療室,0197-64-3220,,施設就業時間等に準ずる,,,
032069,0000000092,岩手県,北上市,芳野内科医院,ヨシノナイカイイン,北上市本通り一丁目３番22号,,39.28598,141.114304,１階処置室,0197-65-1811,,施設就業時間等に準ずる,,,
032069,0000000093,岩手県,北上市,北上自動車学校,キタカミジドウシャガッコウ,北上市さくら通り四丁目３番５号,,39.29871,141.111176,１階待合室,0197-63-4562,,施設就業時間等に準ずる,,,
032069,0000000094,岩手県,北上市,北上市文化交流センターさくらホール,キタカミシブンカコウリュウセンターサクラホール,北上市さくら通り二丁目１番１号,,39.297012,141.111633,１階サービスセンター前,0197-61-3300,,施設就業時間等に準ずる,,,
032069,0000000095,岩手県,北上市,北上地区消防組合消防本部,キタカミチクショウボウクミアイショウボウホンブ,北上市柳原町二丁目３番６号,,39.292633,141.109161,２階事務室,0197-64-1122,,施設就業時間等に準ずる,,,
032069,0000000096,岩手県,北上市,ささもり耳鼻咽喉科医院,ササモリジビインコウカイイン,北上市柳原町三丁目11番16号,,39.295975,141.115021,１階診察室,0197-64-6644,,施設就業時間等に準ずる,,,
032069,0000000097,岩手県,北上市,丸亀製麺北上店,マルガメセイメンキタカミテン,北上市柳原町一丁目２番24号,,39.292389,141.110703,１階出入口,0197-64-3935,,施設就業時間等に準ずる,,,
032069,0000000098,岩手県,北上市,六本木歯科医院,ロッポンギシカイイン,北上市さくら通り一丁目１番23号,,39.295967,141.117111,１階診察室,0197-64-6489,,施設就業時間等に準ずる,,,
032069,0000000099,岩手県,北上市,和賀教育会館,ワガキョウイクカイカン,北上市柳原町三丁目13番10号,,39.294674,141.114487,１階玄関,0197-64-7311,,施設就業時間等に準ずる,,,
032069,0000000100,岩手県,北上市,医心館　北上,イシンカン　キタカミ,北上市さくら通り五丁目14番15号,,39.3027,141.110046,１階玄関,0197-62-3228,,施設就業時間等に準ずる,,,
032069,0000000101,岩手県,北上市,小野寺歯科医院,オノデラシカイイン,北上市本石町一丁目１番３号,,39.28875,141.115005,１階診療室,0197-63-2456,,施設就業時間等に準ずる,,,
032069,0000000102,岩手県,北上市,小原歯科医院,オバラシカイイン,北上市本石町一丁目６番45号,,39.291862,141.113571,１階診療室,0197-64-0595,,施設就業時間等に準ずる,,,
032069,0000000103,岩手県,北上市,黒沢尻西小学校,クロサワジリニシショウガッコウ,北上市本石町一丁目６番71号,,39.290607,141.115646,"１階体育館
１階保健室",0197-63-3266,,施設就業時間等に準ずる,,,
032069,0000000104,岩手県,北上市,千田歯科医院,チダシカイイン,北上市本石町一丁目６番35号,,39.29184,141.112701,１階院長室,0197-63-2014,,施設就業時間等に準ずる,,,
032069,0000000105,岩手県,北上市,中央図書館,チュウオウトショカン,北上市本石町二丁目５番35号,,39.292721,141.113358,２階カウンター,0197-63-3359,,施設就業時間等に準ずる,,,
032069,0000000106,岩手県,北上市,日本現代詩歌文学館,ニホンゲンダイシイカブンガクカン,北上市本石町二丁目５番60号,,39.292927,141.115341,１階事務室,0197-65-1728,,施設就業時間等に準ずる,,,
032069,0000000107,岩手県,北上市,本石町歯科医院,ホンゴクチョウシカイイン,北上市本石町一丁目１番18号,,39.289341,141.1147,１階レントゲン室,0197-64-4100,,施設就業時間等に準ずる,,,
032069,0000000108,岩手県,北上市,黒沢尻体育館,クロサワジリタイイクカン,北上市本石町二丁目５番１号,,39.290951,141.115814,１階体育館,0197-65-0611,,施設就業時間等に準ずる,,,
032069,0000000109,岩手県,北上市,黒沢尻西地区交流センター,クロサワジリニシチクコウリュウセンター,北上市本石町一丁目６番20号,,39.290787,141.112793,１階玄関ホール,0197-64-0931,,施設就業時間等に準ずる,,,
032069,0000000110,岩手県,北上市,ツクイ北上,ツクイキタカミ,北上市本石町一丁目１番41号,,39.289043,141.114868,１階玄関,0197-63-8077,,施設就業時間等に準ずる,,,
032069,0000000111,岩手県,北上市,ひだまり北上中央,ヒダマリキタカミチュウオウ,北上市本石町一丁目２番10号,,39.289654,141.115341,１階事務所,0197-64-0931,,施設就業時間等に準ずる,,,
032069,0000000112,岩手県,北上市,岩手県南広域振興局（北上地区合同庁舎）,イワテケンナンコウイキシンコウキョク（キタカミチクゴウドウチョウシャ）,北上市芳町２番８号　,,39.286808,141.111328,１階中部保健所北上分室,0197-65-2731,,施設就業時間等に準ずる,,,
032069,0000000113,岩手県,北上市,北上市役所,キタカミシヤクショ,北上市芳町１番１号　,,39.286282,141.113571,１階正面玄関入口,0197-64-2111,,施設就業時間等に準ずる,,,
032069,0000000114,岩手県,北上市,都鳥歯科・小児歯科クリニック,トドリシカ・ショウニシカクリニック,北上市大曲町９番26号,,39.286873,141.110397,１階診療室,0197-64-3033,,施設就業時間等に準ずる,,,
032069,0000000115,岩手県,北上市,ハローワーク北上,ハローワークキタカミ,北上市大曲町５番17,,39.286591,141.111603,１階出入口,0197-63-3314,,施設就業時間等に準ずる,,,
032069,0000000116,岩手県,北上市,北上勤労者体育センター,キタカミキンロウシャタイイクセンター,北上市幸町１番30号,,39.284798,141.120712,１階体育館玄関,0197-63-5812,,施設就業時間等に準ずる,,,
032069,0000000117,岩手県,北上市,北上市民柔剣道場,キタカミシミンジュウケンドウジョウ,北上市幸町１番30号,,39.284798,141.120712,１階柔剣道場玄関,0197-63-5812,,施設就業時間等に準ずる,,,
032069,0000000118,岩手県,北上市,かじまち小原歯科医院,カジマチオバラシカイイン,北上市鍛冶町二丁目13番20号,,39.290333,141.106659,１階診療室,0197-63-4058,,施設就業時間等に準ずる,,,
032069,0000000119,岩手県,北上市,北日本銀行北上支店,キタニホンギンコウキタカミシテン,北上市新穀町一丁目1番18号,,39.287418,141.114365,１階ロビー,0197-63-2231,,施設就業時間等に準ずる,,,
032069,0000000120,岩手県,北上市,柴田医院,シバタイイン,北上市新穀町一丁目6番10号,,39.289227,141.112595,１階点滴室,0197-61-5130,,施設就業時間等に準ずる,,,
032069,0000000121,岩手県,北上市,専修大学北上高等学校,センシュウダイガクキタカミコウトウガッコウ,北上市新穀町二丁目４番64号,,39.290226,141.111725,"グラウンド
１階体育館入口
１号館１階トイレ
２号館２階職員室前",0197-63-2341,,施設就業時間等に準ずる,,,
032069,0000000122,岩手県,北上市,専修大学北上福祉教育専門学校,センシュウダイガクキタカミフクシキョウイクセンモンガッコウ,北上市新穀町一丁目３番１号,,39.287621,141.114487,１階職員室入口,0197-61-2131,,施設就業時間等に準ずる,,,
032069,0000000123,岩手県,北上市,コナミスポーツクラブ北上,コナミスポーツクラブキタカミ,北上市新穀町一丁目４番１号,,39.288204,141.114883,７階フロント前,0197-61-4700,,施設就業時間等に準ずる,,,
032069,0000000124,岩手県,北上市,北上市市民交流プラザ,キタカミシシミンコウリュウプラザ,北上市新穀町一丁目４番１号,,39.288204,141.114883,２階事務所,0197-61-5716,,施設就業時間等に準ずる,,,
032069,0000000125,岩手県,北上市,第一環境株式会社北上水道お客様センター,ダイイチカンキョウカブシキガイシャキタカミスイドウオキャクサマセンター,北上市有田町1番19号,,39.292088,141.105179,１階事務所,0197-64-7570,,施設就業時間等に準ずる,,,
032069,0000000126,岩手県,北上市,JSS　北上スイミングスクール,ジェイエスエス　キタカミスイミングスクール,北上市若宮町一丁目２番32号,,39.280731,141.118073,１階コーチ室,0197-63-7008,,施設就業時間等に準ずる,,,
032069,0000000127,岩手県,北上市,安部医院,アベイイン,北上市大通り一丁目11番23号,,39.283188,141.119705,１階診察室,0197-64-2927,,施設就業時間等に準ずる,,,
032069,0000000128,岩手県,北上市,ちとせ医院,チトセイイン,北上市大通り二丁目１番22号,,39.281925,141.116577,１階診察室,0197-63-3780,,施設就業時間等に準ずる,,,
032069,0000000129,岩手県,北上市,大通り歯科医院,オオドオリシカイイン,北上市大通り二丁目１番１号,,39.281654,141.118271,１階診察室,0197-64-5060,,施設就業時間等に準ずる,,,
032069,0000000130,岩手県,北上市,北上市立大通り保育園,キタカミシリツオオドオリホイクエン,北上市九年橋三丁目12番13号,,39.281502,141.109604,１階事務室,0197-63-3038,,施設就業時間等に準ずる,,,
032069,0000000131,岩手県,北上市,おだしま歯科クリニック,オダシマシカクリニック,北上市九年橋三丁目18番15号サンファミリー三田１階,,39.284302,141.10701,１階院長室,0197-61-2111,,施設就業時間等に準ずる,,,
032069,0000000132,岩手県,北上市,おやま歯科矯正クリニック,オヤマシカキョウセイクリニック,北上市大通り二丁目３番１号,,39.282345,141.118408,１階診療室,0197-65-1182,,施設就業時間等に準ずる,,,
032069,0000000133,岩手県,北上市,JR北上駅,ジェイアールキタカミエキ,北上市大通り一丁目１番２号,,39.280136,141.120651,"１階西口改札口側
１階東口改札口側",0197-64-5963,,施設就業時間等に準ずる,,,
032069,0000000134,岩手県,北上市,草のホテル,クサノホテル,北上市大通り二丁目９番８号,,39.282528,141.116241,１階エレベーター前,0197-65-1712,,施設就業時間等に準ずる,,,
032069,0000000135,岩手県,北上市,グリーンホテル北上,グリーンホテルキタカミ,北上市大通り一丁目11番３号,,39.282757,141.119598,１階フロント,0197-65-5500,,施設就業時間等に準ずる,,,
032069,0000000136,岩手県,北上市,タロ北上大通り,タロキタカミオオドオリ,北上市大通り四丁目１番10号,,39.285202,141.108719,１階エレベーター前ホール,0197-72-5900,,施設就業時間等に準ずる,,,
032069,0000000137,岩手県,北上市,サイトウデンタルクリニック,サイトウデンタルクリニック,北上市大通り二丁目６番18号,,39.284142,141.11644,１階技工室,0197-63-3011,,施設就業時間等に準ずる,,,
032069,0000000138,岩手県,北上市,千田工業株式会社,チダコウギョウカブシキガイシャ,北上市九年橋一丁目10番29号,,39.279606,141.113251,１階車庫,0197-63-3207,,施設就業時間等に準ずる,,,
032069,0000000139,岩手県,北上市,東芝電機サービス(株)岩手営業所,トウシバデンキサービスカブシキガイシャイワテエイギョウショ,北上市大通り四丁目６番11号入山西ビル２階,,39.287094,141.106049,２階事務室,0197-61-0523,,施設就業時間等に準ずる,,,
032069,0000000140,岩手県,北上市,東日本バンドー(株)北上営業所,ヒガシニホンバンドーカブシキガイシャキタカミエイギョウショ,北上市大通り四丁目１番３号,,39.285297,141.109375,１階事務室,0197-64-7277,,施設就業時間等に準ずる,,,
032069,0000000141,岩手県,北上市,古山歯科医院,フルヤマシカイイン,北上市九年橋三丁目７番22号,,39.282486,141.111252,１階診療室,0197-65-6011,,施設就業時間等に準ずる,,,
032069,0000000142,岩手県,北上市,ホテルメッツ北上,ホテルメッツキタカミ,北上市大通り一丁目１番34号,,39.281906,141.121185,１階フロント　,0197-62-2222,,施設就業時間等に準ずる,,,
032069,0000000143,岩手県,北上市,大東建託　北上支店,ダイトウケンタク　キタカミシテン,北上市大通り三丁目2番5号,,39.283672,141.114227,２階事務所,0197-64-2990,,施設就業時間等に準ずる,,,
032069,0000000144,岩手県,北上市,全労済　岩手県本部北上支所,ゼンロウサイ　イワテケンホンブキタカミシショ,北上市大通り二丁目11番23号,,39.283314,141.114929,１階入口付近,0197-65-0160,,施設就業時間等に準ずる,,,
032069,0000000145,岩手県,北上市,日本住宅㈱北上支店,ニホンジュウタクカブシキガイシャキタカミシテン,北上市九年橋一丁目1番18号,,39.278873,141.115311,１階出入口,0197-65-0511,,施設就業時間等に準ずる,,,
032069,0000000146,岩手県,北上市,北上市生涯学習センター,キタカミシショウガイガクシュウセンター,北上市大通り一丁目3番1号,,39.281757,141.120316,３階受付カウンター,0197-72-8303,,施設就業時間等に準ずる,,,
032069,0000000147,岩手県,北上市,あかさか歯科クリニック,アカサカシカクリニック,北上市花園町二丁目５番15号,,39.289661,141.118713,１階診療室,0197-63-3461,,施設就業時間等に準ずる,,,
032069,0000000148,岩手県,北上市,アパホテル北上駅西,アパホテルキタカミエキニシ,北上市花園町二丁目１番３号,,39.287708,141.118881,１階ロビー,0197-61-0111,,施設就業時間等に準ずる,,,
032069,0000000149,岩手県,北上市,社団法人北上医師会,シャダンホウジンキタカミイシカイ,北上市花園町一丁目７番４号,,39.287712,141.12265,１階事務所,0197-63-4518,,施設就業時間等に準ずる,,,
032069,0000000150,岩手県,北上市,北上済生会病院,キタカミサイセイカイビョウイン,九年橋三丁目15番33号,,39.284748,141.107559,各階フロア,0197-64-7722,,施設就業時間等に準ずる,,,
032069,0000000151,岩手県,北上市,北上歯科医院,キタカミシカイイン,北上市花園町一丁目６番29号,,39.289433,141.120529,１階待合室,0197-63-4010,,施設就業時間等に準ずる,,,
032069,0000000152,岩手県,北上市,北上商工会館,キタカミショウコウカイカン,北上市青柳町二丁目１番８号,,39.283779,141.118042,１階ロビー,0197-65-4211,,施設就業時間等に準ずる,,,
032069,0000000153,岩手県,北上市,グループホームつどい,グループホームツドイ,北上市諏訪町一丁目３番17号,,39.287071,141.118912,１階事務室,0197-72-7442,,施設就業時間等に準ずる,,,
032069,0000000154,岩手県,北上市,斎藤産婦人科医院,サイトウサンフジンカイイン,北上市諏訪町二丁目６番37号,,39.287556,141.119049,２階分娩室,0197-64-2136,,施設就業時間等に準ずる,,,
032069,0000000155,岩手県,北上市,㈱スパッと北上　ｉｋｏｔｔｏ店,カブシキガイシャスパットキタカミ　イコットテン,北上市諏訪町二丁目５番14号,,39.287182,141.117065,１階店内,0197-72-5807,,施設就業時間等に準ずる,,,
032069,0000000156,岩手県,北上市,双葉幼稚園,フタバヨウチエン,北上市花園町二丁目５番50号,,39.289127,141.120209,１階職員室内,0197-65-2800,,施設就業時間等に準ずる,,,
032069,0000000157,岩手県,北上市,ホテル　ルートイン北上駅前,ホテル　ルートインキタカミエキマエ,北上市青柳町一丁目２番12号,,39.283737,141.120697,１階フロント,0197-61-0711,,施設就業時間等に準ずる,,,
032069,0000000158,岩手県,北上市,松浦歯科医院,マツウラシカイイン,北上市青柳町二丁目６番21号,,39.285069,141.115463,１階受付,0197-72-5537,,施設就業時間等に準ずる,,,
032069,0000000159,岩手県,北上市,リハビリデイサービスnagomi,リハビリデイサービスナゴミ,北上市諏訪町二丁目４番５号,,39.286404,141.11795,１階機能訓練室,0197-62-6021,,施設就業時間等に準ずる,,,
032069,0000000160,岩手県,北上市,あさひ薬局北上店,アサヒヤッキョクキタカミテン,北上市花園町一丁目7番8号,,39.288025,141.122543,１階店内,0197-61-2838,,施設就業時間等に準ずる,,,
032069,0000000161,岩手県,北上市,及川歯科医院,オイカワシカイイン,北上市川岸四丁目11番22号,,39.286034,141.128815,１階受付,0197-65-3334,,施設就業時間等に準ずる,,,
032069,0000000162,岩手県,北上市,コンフォートホテル北上,コンフォートホテルキタカミ,北上市川岸一丁目２番１号,,39.28157,141.123184,１階ロビーフロント,0197-62-0711,,施設就業時間等に準ずる,,,
032069,0000000163,岩手県,北上市,さくらデンタルクリニック,サクラデンタルクリニック,北上市川岸二丁目10番25号,,39.286163,141.125626,１階受付,0197-62-1110,,施設就業時間等に準ずる,,,
032069,0000000164,岩手県,北上市,株式会社東北佐竹製作所,カブシキガイシャトウホクサタケセイサクショ,北上市川岸一丁目16番１号,,39.276997,141.121826,１階第三棟表事務所,0197-64-1111,,施設就業時間等に準ずる,,,
032069,0000000165,岩手県,北上市,東横イン北上駅新幹線口,トウヨコインキタカミエキシンカンセングチ,北上市川岸一丁目３番４号,,39.282406,141.123154,１階ロビー,0197-62-1045,,施設就業時間等に準ずる,,,
032069,0000000166,岩手県,北上市,マルハン北上店,マルハンキタカミテン,北上市川岸一丁目15番20号,,39.278717,141.12265,１階カウンター,0197-61-3222,,施設就業時間等に準ずる,,,
032069,0000000167,岩手県,北上市,ホテルシティプラザ北上,ホテルシティプラザキタカミ,北上市川岸一丁目14番１号,,39.278744,141.123749,２階フロント,0197-64-0001,,施設就業時間等に準ずる,,,
032069,0000000168,岩手県,北上市,小川医院中野町クリニック,オガワイインナカノチョウクリニック,北上市中野町一丁目９番28号,,39.290367,141.123505,１階診察室,0197-63-2939,,施設就業時間等に準ずる,,,
032069,0000000169,岩手県,北上市,黒沢尻東小学校,クロサワジリヒガシショウガッコウ,北上市中野町一丁目８番１号,,39.289486,141.126144,"階体育館入口
２階職員室",0197-63-2194,,施設就業時間等に準ずる,,,
032069,0000000170,岩手県,北上市,マックスバリュ北上店,マックスバリュキタカミテン,北上市里分４地割77番地,,39.294781,141.135483,１階西側入口,0197-65-7770,,施設就業時間等に準ずる,,,
032069,0000000171,岩手県,北上市,和賀歯科医院,ワガシカイイン,北上市中野町三丁目２番４号,,39.294773,141.128418,１階診療室,0197-65-3000,,施設就業時間等に準ずる,,,
032069,0000000172,岩手県,北上市,北上中学校,キタカミチュウガッコウ,北上市黒沢尻一丁目1番１号,,39.286934,141.130615,"１階来賓用玄関
１階体育館入口",0197-63-3129,,施設就業時間等に準ずる,,,
032069,0000000173,岩手県,北上市,TDK秋田第二上野寮,ティーディーケーアキタダイニウエノリョウ,北上市里分２地割169番地1,,39.29847,141.1315,１階ホール,0197-72-5903,,施設就業時間等に準ずる,,,
032069,0000000174,岩手県,北上市,黒沢尻東地区交流センター,クロサワジリヒガシチクコウリュウセンター,北上市中野町一丁目5番46号,,39.28759,141.12529,１階玄関入口,0197-64-7932,,施設就業時間等に準ずる,,,
032069,0000000175,岩手県,北上市,住宅型有料老人ホーム　なごみ,ジュウタクガタユウリョウロウジンホーム　ナゴミ,北上市黒沢尻四丁目8番20号,,39.296883,141.137192,１階廊下,0197-61-5100,,施設就業時間等に準ずる,,,
032069,0000000176,岩手県,北上市,特別養護老人ホーム　えびす,トクベツヨウゴロウジンホーム　エビス,北上市小鳥崎2地割165番地,,39.300533,141.145706,"１階玄関
２階医務室",0197-62-3456,,施設就業時間等に準ずる,,,
032069,0000000177,岩手県,北上市,上野中学校,ウエノチュウガッコウ,北上市上野町四丁目10番8号,,39.302731,141.125793,"１階保健室前廊下
１階体育館入口",0197-64-5371,,施設就業時間等に準ずる,,,
032069,0000000178,岩手県,北上市,坂の上野田村太志クリニック,サカノウエノタムラタイシクリニック,北上市上野町四丁目２番15号,,39.300438,141.12851,１階処置室,0197-65-1111,,施設就業時間等に準ずる,,,
032069,0000000179,岩手県,北上市,菅原歯科医院,スガワラシカイイン,北上市上野町二丁目12番14号,,39.300426,141.125168,１階受付,0197-64-3455,,施設就業時間等に準ずる,,,
032069,0000000180,岩手県,北上市,たんご歯科クリニック,タンゴシカクリニック,北上市上野町四丁目12番27号,,39.30344,141.126984,１階処置室入口,0197-64-4415,,施設就業時間等に準ずる,,,
032069,0000000181,岩手県,北上市,やご内科・循環器クリニック,ヤゴナイカ・ジュンカンキクリニック,北上市上野町五丁目５番,,39.301018,141.130005,１階受付,0197-72-7717,,施設就業時間等に準ずる,,,
032069,0000000182,岩手県,北上市,小規模多機能ホームうえのまち,ショウキボタキノウホームウエノマチ,北上市上野町一丁目7番1号,,39.29628,141.125854,１階集会所,0197-63-2267,,施設就業時間等に準ずる,,,
032069,0000000183,岩手県,北上市,稲瀬地区交流センター,イナセチクコウリュウセンター,北上市稲瀬町前田276,,39.245888,141.12468,１階事務室,0197-65-2441,,施設就業時間等に準ずる,,,
032069,0000000184,岩手県,北上市,及川脳神経内科クリニック,オイカワノウシンケイナイカクリニック,北上市立花10地割28番地1,,39.281872,141.132904,１階処置室内,0197-65-3811,,施設就業時間等に準ずる,,,
032069,0000000185,岩手県,北上市,(有)北上孝輝殿,ユウゲンガイシャキタカミコウキデン,北上市稲瀬町上台201地割1,,39.249184,141.124084,１階フロント,0197-64-2121,,施設就業時間等に準ずる,,,
032069,0000000186,岩手県,北上市,口内小学校,クチナイショウガッコウ,北上市口内町新町161番地,,39.293083,141.202637,１階体育館玄関,0197-69-2004,,施設就業時間等に準ずる,,,
032069,0000000187,岩手県,北上市,口内地区交流センター,クチナイチクコウリュウセンター,北上市口内町新町67番地,,39.293526,141.204987,１階玄関,0197-69-2001,,施設就業時間等に準ずる,,,
032069,0000000188,岩手県,北上市,口内保育園,クチナイホイクエン,北上市口内町新町99番地1,,39.293526,141.204987,１階事務室,0197-69-2015,,施設就業時間等に準ずる,,,
032069,0000000189,岩手県,北上市,黒岩小学校,クロイワショウガッコウ,北上市黒岩7地割60番地,,39.31292,141.161316,１階体育館玄関,0197-63-4419,,施設就業時間等に準ずる,,,
032069,0000000190,岩手県,北上市,黒岩地区交流センター,クロイワチクコウリュウセンター,北上市黒岩19地割36番地２,,39.309193,141.155029,１階玄関内,0197-64-7525,,施設就業時間等に準ずる,,,
032069,0000000191,岩手県,北上市,ケアハウスエスカール,ケアハウスエスカール,北上市立花10地割38番地,,39.281872,141.132904,１階玄関,0197-61-2015,,施設就業時間等に準ずる,,,
032069,0000000192,岩手県,北上市,株式会社スパット北上,カブシキガイシャスパットキタカミ　,北上市稲瀬町上台648,,39.256058,141.125671,１階カウンター,0197-63-3576,,施設就業時間等に準ずる,,,
032069,0000000193,岩手県,北上市,立花小学校,タチバナショウガッコウ,北上市立花18地割157番地,,39.277855,141.144745,１階体育館入口,0197-63-3709,,施設就業時間等に準ずる,,,
032069,0000000194,岩手県,北上市,立花地区交流センター,タチバナチクコウリュウセンター,北上市立花20地割18番地2,,39.282421,141.142883,１階玄関入口,0197-65-1933,,施設就業時間等に準ずる,,,
032069,0000000195,岩手県,北上市,照岡小学校,テルオカショウガッコウ,北上市稲瀬町地蔵堂15,,39.237568,141.120712,１階体育館玄関,0197-63-2702,,施設就業時間等に準ずる,,,
032069,0000000196,岩手県,北上市,展勝地レストハウス,テンショウチレストハウス,北上市立花14地割21番地1,,39.269539,141.12587,１階入口（風除室内）,0197-64-2110,,施設就業時間等に準ずる,,,
032069,0000000197,岩手県,北上市,東陵中学校,トウリョウチュウガッコウ,北上市立花1地割8番地,,39.290058,141.146454,"１階職員玄関
１階体育館入口",0197-64-3969,,施設就業時間等に準ずる,,,
032069,0000000198,岩手県,北上市,特別養護老人ホーム浮牛の里,トクベツヨウゴロウジンホームフギュウノサト,北上市口内町久田25番地11,,39.28936,141.201385,１階受付,0197-71-4560,,施設就業時間等に準ずる,,,
032069,0000000199,岩手県,北上市,サービス付き高齢者住宅やちだもの家北上,サービスツキコウレイシャジュウタクヤチダモノイエキタカミ,北上市立花17地割1番地3,,39.280006,141.139999,１階Ｂ棟内,0197-61-5500,,施設就業時間等に準ずる,,,
032069,0000000200,岩手県,北上市,沢目公民館,サワメコウミンカン,北上市平沢13地割1番地1,,39.325722,141.173874,１階入口,,,施設就業時間等に準ずる,,,
032069,0000000201,岩手県,北上市,北上市立利根山光人記念美術館,キタカミシリツトネヤマコウジンキネンビジュツカン,北上市立花15地割153番地2,,39.273987,141.13298,１階受付カウンター,0197-65-1808,,施設就業時間等に準ずる,,,
032069,0000000202,岩手県,北上市,北上市みちのく民族村,キタカミシミチノクミンゾクムラ,北上市立花14地割62番地3,,39.268642,141.129089,１階体験厨房,0197-64-1756,,施設就業時間等に準ずる,,,
032069,0000000203,岩手県,北上市,北上市民展勝地プール,キタカミシミンテンショウチプール,北上市立花10地割96番地,,39.282768,141.131683,１階管理室,0197-72-8313,,施設就業時間等に準ずる,,,
032069,0000000204,岩手県,北上市,北上市立博物館,キタカミシリツハクブツカン,北上市立花14地割59番地,,39.271187,141.133392,１階事務室,0197-64-1756,,施設就業時間等に準ずる,,,
032069,0000000205,岩手県,北上市,北上市憩いの森,キタカミシイコイノモリ,北上市稲瀬町岩脇24番地,,39.262894,141.1259,１階管理事務所,0197-64-7447,,施設就業時間等に準ずる,,,
032069,0000000206,岩手県,北上市,おいかわ理容,オイカワリヨウ,北上市臥牛７地割42番地,,39.357605,141.170746,１階店内,0197-66-5835,,施設就業時間等に準ずる,,,
032069,0000000207,岩手県,北上市,北上北中学校,キタカミキタチュウガッコウ,北上市二子町秋子沢13番地,,39.327087,141.133987,"１階玄関付近廊下
１階体育館入口",0197-66-2518,,施設就業時間等に準ずる,,,
032069,0000000208,岩手県,北上市,更木小学校,サラキショウガッコウ,北上市更木12地割61番地,,39.343517,141.149063,"１階職員室
１階体育館",0197-66-2523,,施設就業時間等に準ずる,,,
032069,0000000209,岩手県,北上市,更木地区交流センター,サラキチクコウリュウセンター,北上市更木12地割151番地１,,39.343517,141.149063,１階玄関内,0197-66-2569,,施設就業時間等に準ずる,,,
032069,0000000210,岩手県,北上市,北上市立更木幼稚園,キタカミシリツサラキヨウチエン,北上市更木12地割61番地,,39.343517,141.149063,１階玄関,0197-66-2589,,施設就業時間等に準ずる,,,
032069,0000000211,岩手県,北上市,㈱積水化成品パッケージ北上工場,カブシキガイシャセキスイカセイヒンパッケージキタカミコウジョウ,北上市二子町南田213地割６番地,,39.316608,141.130173,１階事務室内,0197-71-3455,,施設就業時間等に準ずる,,,
032069,0000000212,岩手県,北上市,社会福祉法人自立更正会とばせ園,シャカイフクシホウジンジリツコウセイカイトバセエン,北上市二子町秋子沢214番地５,,39.328999,141.128937,１階玄関ホール,0197-66-5050,,施設就業時間等に準ずる,,,
032069,0000000213,岩手県,北上市,北上アビリティーセンター,キタカミアビリティーセンター,北上市二子町秋子沢214番地７,,39.328999,141.128937,１階玄関,0197-66-5400,,施設就業時間等に準ずる,,,
032069,0000000214,岩手県,北上市,特別養護老人ホーム　八天の里,トクベツヨウゴロウジンホーム　ハッテンノサト,北上市更木34地割320番地１,,39.329464,141.15802,１階玄関,0197-66-6000,,施設就業時間等に準ずる,,,
032069,0000000215,岩手県,北上市,花巻農業協同組合二子支店,ハナマキノウギョウキョウドウクミアイフタゴシテン,北上市二子町鳥喰211番地１,,39.320698,141.13942,１階職員玄関,0197-66-5051,,施設就業時間等に準ずる,,,
032069,0000000216,岩手県,北上市,二子小学校,フタゴショウガッコウ,北上市二子町鳥喰22番地２,,39.321884,141.136429,"１階昇降口
１階体育館入口",0197-66-2525,,施設就業時間等に準ずる,,,
032069,0000000217,岩手県,北上市,二子地区交流センター,フタゴチクコウリュウセンター,北上市二子町鳥喰前49番地４,,39.31918,141.138657,１階玄関,0197-66-2050,,施設就業時間等に準ずる,,,
032069,0000000218,岩手県,北上市,二子歯科医院,フタゴシカイイン,北上市二子町鳥喰201番地,,39.320625,141.140884,１階処置室,0197-66-3431,,施設就業時間等に準ずる,,,
032069,0000000219,岩手県,北上市,二子保育園,フタゴホイクエン,北上市二子町鳥喰前49番地６,,39.31918,141.138657,１階玄関,0197-66-2532,,施設就業時間等に準ずる,,,
032069,0000000220,岩手県,北上市,株式会社WING,カブシキガイシャウイング,北上市二子町秋子沢118番地８,,39.327087,141.133987,１階工場,0197-81-6056,,施設就業時間等に準ずる,,,
032069,0000000221,岩手県,北上市,ショートステイ北上,ショートステイキタカミ,北上市二子町宿西22番地１,,39.32753,141.139969,１階事務室,0197-72-8361,,施設就業時間等に準ずる,,,
032069,0000000222,岩手県,北上市,相去地区交流センター,アイサリチクコウリュウセンター,北上市相去町小糠沢19番地,,39.256844,141.11084,１階正面玄関内,0197-67-4355,,施設就業時間等に準ずる,,,
032069,0000000223,岩手県,北上市,(株)あらた北上センター,カブシキガイシャアラタキタカミセンター,北上市相去町山田２番地８,,39.256351,141.105255,１～３各階事務室,0197-75-0300,,施設就業時間等に準ずる,,,
032069,0000000224,岩手県,北上市,岩手建工株式会社北上支店,イワテケンコウカブシキガイシャキタカミシテン,北上市相去町中成沢１番地１,,39.260826,141.06488,２階事務所内,0197-81-5400,,施設就業時間等に準ずる,,,
032069,0000000225,岩手県,北上市,イーエヌ大塚製薬(株)北上工場,イーエヌオオツカセイヤクカブシキガイシャキタカミコウジョウ,北上市相去町山根梨の木43番地94,,39.245266,141.088608,１階～２階間階段踊り場,0197-71-2900,,施設就業時間等に準ずる,,,
032069,0000000226,岩手県,北上市,エレック北上,エレックキタカミ,北上市相去町平林21番地37,,39.251373,141.096161,1階玄関,0197-67-2341,,施設就業時間等に準ずる,,,
032069,0000000227,岩手県,北上市,(株)北上オフィスプラザ,カブシキガイシャキタカミオフィスプラザ,北上市相去町山田２番地18,,39.256351,141.105255,１階正面玄関ロビー,0197-71-2171,,施設就業時間等に準ずる,,,
032069,0000000228,岩手県,北上市,"北上総合体育館
北上陸上競技場
北上陸上補助競技場","キタカミソウゴウタイイクカン
キタカミリクジョウキョウギジョウ
キタカミリクジョウホジョキョウギジョウ",北上市相去町高前壇27番地36,,39.261871,141.085358,"１階事務室前（体育館）
１階管理室前（競技場）
１階倉庫内（補助競技場）",0197-67-6720,,施設就業時間等に準ずる,,,
032069,0000000229,岩手県,北上市,北上翔南高等学校,キタカミショウナンコウトウガッコウ,北上市相去町高前檀13番地,,39.259911,141.090363,１階保健室前廊下,0197-71-2122,,施設就業時間等に準ずる,,,
032069,0000000230,岩手県,北上市,北上ハイテクペーパー株式会社,キタカミハイテクペーパーカブシキガイシャ,北上市相去町笹長根35番地,,39.230743,141.092972,"１階三菱製紙北上事業本部事務所
１号製品倉庫１階DOWA通運内
１階新北菱林産事務所内　
２階製造原質課動力係内
２階感材製造部感材製造課内",0197-67-3212,,施設就業時間等に準ずる,,,
032069,0000000231,岩手県,北上市,(株)ケー・アイ・ケー,カブシキガイシャケー・アイ・ケー,北上市相去町山根梨の木43番地74,,39.245266,141.088608,１階食堂,67-0111,,施設就業時間等に準ずる,,,
032069,0000000232,岩手県,北上市,(株)佐藤組,カブシキガイシャサトウグミ,北上市相去町旧舘沢20番地１,,39.260933,141.097305,１階事務室,67-5555,,施設就業時間等に準ずる,,,
032069,0000000233,岩手県,北上市,シチズン時計マニュファクチャリング㈱ 東北北上南工場,シチズントケイマニュファクチャリングカブシキガイシャ　トウホクキタカミミナミコウジョウ,北上市相去町平林14番地14,,39.253464,141.094376,１階検査室前廊下,0197-67-4011,,施設就業時間等に準ずる,,,
032069,0000000234,岩手県,北上市,㈱東北イノアック北上工場,カブシキガイシャトウホクイノアックキタカミコウジョウ,北上市相去町山根梨の木43番地137,,39.245266,141.088608,１階事務所前通路,0197-81-5765,,施設就業時間等に準ずる,,,
032069,0000000235,岩手県,北上市,東北自動車道北上・金ケ崎パーキングエリア（上り）,トウホクジドウシャドウキタカミ・カネガサキパーキングエリア（ノボリ）,北上市相去町中平沢７番地４,,39.241451,141.07988,１階自動販売機付近,0197-67-2571,,施設就業時間等に準ずる,,,
032069,0000000236,岩手県,北上市,東北自動車道北上・金ケ崎パーキングエリア（下り）,トウホクジドウシャドウキタカミ・カネガサキパーキングエリア（クダリ）,北上市相去町中平沢６番地２,,39.240795,141.078629,１階自動販売機付近,0197-67-2586,,施設就業時間等に準ずる,,,
032069,0000000237,岩手県,北上市,日本メジフィジックス(株)東北ラボ,ニホンメジフィジックスカブシキガイシャトウホクラボ,北上市相去町山根梨の木43番地131,,39.245266,141.088608,２階廊下,0197-71-2500,,施設就業時間等に準ずる,,,
032069,0000000238,岩手県,北上市,ネクスコメンテナンス東北北上事業所,ネクスコメンテナンストウホクキタカミジギョウショ,北上市相去町大松沢１番地１53,,39.244068,141.084106,１階事務室内,0197-77-2201,,施設就業時間等に準ずる,,,
032069,0000000239,岩手県,北上市,ビジネスフラワーホテル,ビジネスフラワーホテル,北上市相去町山田２番地26,,39.256351,141.105255,１階事務所内,0197-71-2600,,施設就業時間等に準ずる,,,
032069,0000000240,岩手県,北上市,三井食品株式会社常温北上センター,ミツイショクヒンカブシキガイシャジョウオンキタカミセンター,北上市相去町山根梨の木43番地108,,39.245266,141.088608,１階事務室内,0197-67-1717,,施設就業時間等に準ずる,,,
032069,0000000241,岩手県,北上市,南小学校,ミナミショウガッコウ,北上市相去町葛西檀12番地２,,39.2631,141.094116,２階職員室前廊下,0197-67-4315,,施設就業時間等に準ずる,,,
032069,0000000242,岩手県,北上市,南中学校,ミナミチュウガッコウ,北上市相去町滝の沢７番地２,,39.263687,141.090668,"１階職員玄関付近
１階体育館入口",0197-67-4318,,施設就業時間等に準ずる,,,
032069,0000000243,岩手県,北上市,南保育園,ミナミホイクエン,北上市相去町東裏22番地,,39.262856,141.116104,１階玄関入口,0197-67-4317,,施設就業時間等に準ずる,,,
032069,0000000244,岩手県,北上市,立正堂医院,リッショウドウイイン,北上市相去町52番地,,39.249062,141.091614,１階処置室入口,0197-67-2708,,施設就業時間等に準ずる,,,
032069,0000000245,岩手県,北上市,(有)メディケアエコネット,ユウゲンガイシャメディケアエコネット,北上市相去町西裏1番地41,,39.258392,141.110123,１階事務所,0197-62-8502,,施設就業時間等に準ずる,,,
032069,0000000246,岩手県,北上市,㈱ヒガシヤデリカ岩手工場,カブシキガイシャヒガシヤデリカイワテコウジョウ,北上市相去町大松沢1番地107,,39.244068,141.084106,２階事務所,0197-81-5075,,施設就業時間等に準ずる,,,
032069,0000000247,岩手県,北上市,㈱フレッシュ・ロジスティック北上センター,カブシキガイシャフレッシュ・ロジスティックキタカミセンター,北上市相去町大松沢1番地107,,39.244068,141.084106,２階事務所,0197-71-2120,,施設就業時間等に準ずる,,,
032069,0000000248,岩手県,北上市,わらべや日洋㈱岩手工場,ワラベヤニチヨウカブシキガイシャイワテコウジョウ,北上市相去町大松沢1番地107,,39.244068,141.084106,２階事務所,0197-67-1000,,施設就業時間等に準ずる,,,
032069,0000000249,岩手県,北上市,グリーンリサイクル㈱北上工場,グリーンリサイクルカブシキガイシャキタカミコウジョウ,北上市相去町大松沢1番地81,,39.244068,141.084106,１階事務所,0197-67-0077,,施設就業時間等に準ずる,,,
032069,0000000250,岩手県,北上市,(有)川村商店,ユウゲンガイシャカワムラショウテン,北上市相去町和田177番地1,,39.234592,141.085892,２階事務所,0197-67-5019,,施設就業時間等に準ずる,,,
032069,0000000251,岩手県,北上市,特別養護老人ホーム　敬愛園,トクベツヨウゴロウジンホーム　ケイアイエン,北上市相去町高前檀6番地14,,39.261871,141.085358,１階施設内廊下,0197-67-3111,,施設就業時間等に準ずる,,,
032069,0000000252,岩手県,北上市,北上高等職業訓練校,キタカミコウトウショクギョウクンレンコウ,北上市相去町山田２番地42,,39.256351,141.105255,１階正面玄関,0197-81-5577,,施設就業時間等に準ずる,,,
032069,0000000253,岩手県,北上市,リードコナン北上支店,リードコナンキタカミシテン,北上市相去町山田２番地19,,39.256351,141.105255,１階事務所,0197-72-7651,,施設就業時間等に準ずる,,,
032069,0000000254,岩手県,北上市,あったかいごグループホーム大堤,アッタカイゴグループホームオオツツミ,北上市大堤東二丁目１番32号,,39.264191,141.110077,１階フロアー内,0197-71-2620,,施設就業時間等に準ずる,,,
032069,0000000255,岩手県,北上市,いしかわ内科クリニック,イシカワナイカクリニック,北上市大堤南一丁目１番25号,,39.261696,141.099731,１階処置室,0197-67-2288,,施設就業時間等に準ずる,,,
032069,0000000256,岩手県,北上市,タロおおつつみ,タロオオツツミ,北上市大堤北一丁目10番８号,,39.264233,141.102951,１階診療室,0197-81-5533,,施設就業時間等に準ずる,,,
032069,0000000257,岩手県,北上市,旭ボーリング(株),アサヒボーリングカブシキガイシャ,北上市鬼柳町都鳥186番地１,,39.27462,141.09938,２階事務室,0197-67-3121,,施設就業時間等に準ずる,,,
032069,0000000258,岩手県,北上市,おいかわ歯科クリニック,オイカワシカクリニック,北上市鬼柳町卯の木156番地２,,39.271652,141.097107,１階診療室,0197-67-6161,,施設就業時間等に準ずる,,,
032069,0000000259,岩手県,北上市,鬼柳小学校,オニヤナギショウガッコウ,北上市鬼柳町都鳥35番地,,39.275433,141.096481,"１階体育館入口
１階職員玄関",0197-67-2533,,施設就業時間等に準ずる,,,
032069,0000000260,岩手県,北上市,鬼柳地区交流センター,オニヤナギチクコウリュウセンター,北上市鬼柳町都鳥49番地,,39.274193,141.09584,１階玄関,0197-67-4310,,施設就業時間等に準ずる,,,
032069,0000000261,岩手県,北上市,花巻農業協同組合みなみ支店,ハナマキノウギョウキョウドウクミアイミナミシテン,北上市鬼柳町川原小屋41番地１,,39.270351,141.111053,１階事務所,0197-67-5115,,施設就業時間等に準ずる,,,
032069,0000000262,岩手県,北上市,パチンコＣＡＴ’ｓ北上店,パチンコキャッツキタカミテン,北上市鬼柳町都鳥190番地１,,39.274498,141.100433,１階カウンター付近,0197-67-0221,,施設就業時間等に準ずる,,,
032069,0000000263,岩手県,北上市,養護老人ホーム北星荘,ヨウゴロウジンホームホクセイソウ,北上市下鬼柳17地割127番地５,,39.267372,141.084427,１階事務所前,0197-81-5777,,施設就業時間等に準ずる,,,
032069,0000000264,岩手県,北上市,小規模多機能ホームおにやなぎ,ショウキボタキノウホームオニヤナギ,北上市鬼柳町新井田45,,39.278641,141.081543,１階宿泊棟,0197-67-0287,,施設就業時間等に準ずる,,,
032069,0000000265,岩手県,北上市,有料老人ホーム　きたかみ,ユウリョウロウジンホーム　キタカミ,北上市鬼柳町荒高37番地１,,39.276741,141.102982,１階玄関,0197-62-3721,,施設就業時間等に準ずる,,,
032069,0000000266,岩手県,北上市,みなみ内科クリニック,ミナミナイカクリニック,北上市鬼柳町荒高35番地1,,39.276741,141.102982,１階院内,0197-62-3730,,施設就業時間等に準ずる,,,
032069,0000000267,岩手県,北上市,よしだ整形外科クリニック,ヨシダセイケイゲカクリニック,北上市鬼柳町荒高34番地1,,39.276741,141.102982,１階院内,0197-62-5525,,施設就業時間等に準ずる,,,
032069,0000000268,岩手県,北上市,アメリカンスポーツ(株式会社みちのくジャパン),アメリカンスポーツ(カブシキガイシャミチノクジャパン),北上市北鬼柳32地割19番地,,39.285175,141.106079,１階カウンター,0197-63-7700,,施設就業時間等に準ずる,,,
032069,0000000269,岩手県,北上市,イオン江釣子店,イオンエヅリコテン,北上市北鬼柳19地割68番地,,39.293438,141.093399,"２階事務所
１階店内エスカレーター横",0197-65-2711,,施設就業時間等に準ずる,,,
032069,0000000270,岩手県,北上市,江釣子ショッピングセンターパル,エヅリコショッピングセンターパル,北上市北鬼柳19地割68番地,,39.293438,141.093399,１階パル警備室,0197-65-2511,,施設就業時間等に準ずる,,,
032069,0000000271,岩手県,北上市,なおこ歯科クリニック,ナオコシカクリニック,北上市北鬼柳18地割104番地２,,39.293072,141.099777,１階診療室,0197-61-3368,,施設就業時間等に準ずる,,,
032069,0000000272,岩手県,北上市,北上江釣子インター（北上管理事務所）,キタカミエヅリコインター（キタカミカンリジムショ）,北上市北鬼柳16地割73番地２,,39.297211,141.090118,１階事務所,0197-77-2201,,施設就業時間等に準ずる,,,
032069,0000000273,岩手県,北上市,パチンコユニオン北上,パチンコユニオンキタカミ,北上市北鬼柳15地割177番地１,,39.295162,141.093246,１階事務所,0197-65-0178,,施設就業時間等に準ずる,,,
032069,0000000274,岩手県,北上市,日高見中央クリニック,ヒダカミチュウオウクリニック,北上市北鬼柳22地割46番地,,39.290413,141.093491,１階内視鏡室前,0197-61-0888,,施設就業時間等に準ずる,,,
032069,0000000275,岩手県,北上市,ファミリー歯科医院,ファミリーシカイイン,北上市北鬼柳19地割83番地１,,39.293587,141.090012,１階相談コーナー,0197-77-4182,,施設就業時間等に準ずる,,,
032069,0000000276,岩手県,北上市,介護老人保健施設　たいわ,カイゴロウジンホケンシセツ　タイワ,北上市北鬼柳20地割20番地,,39.292843,141.089355,１階ステーション,0197-77-3300,,施設就業時間等に準ずる,,,
032069,0000000277,岩手県,北上市,コクピット107,コクピットヒャクナナ,北上市北鬼柳18地割48番地２,,39.293072,141.099777,１階事務室内,0197-63-7607,,施設就業時間等に準ずる,,,
032069,0000000278,岩手県,北上市,ＩＢＣハウジングメッセ北上管理事務所,アイビーシーハウジングメッセキタカミカンリジムショ,北上市北鬼柳21地割114番地,,39.291866,141.093567,１階管理棟,0197-65‐5755,,施設就業時間等に準ずる,,,
032069,0000000279,岩手県,北上市,江釣子勤労者体育センター,エヅリコキンロウシャタイイクセンター,北上市北鬼柳22地割52番地３,,39.290848,141.097351,１階体育館ロビー,0197-77-4004,,施設就業時間等に準ずる,,,
032069,0000000280,岩手県,北上市,ザ・ジャポナイズリサージュ,ザ・ジャポナイズリサージュ,北上市北鬼柳15地割5,,39.29475,141.096024,１階通路,0197-72-5553,,施設就業時間等に準ずる,,,
032069,0000000281,岩手県,北上市,パルコホーム北上支店,パルコホームキタカミシテン,北上市北鬼柳20地割63番地１,,39.292458,141.096222,１階受付,0197-64-2566,,施設就業時間等に準ずる,,,
032069,0000000282,岩手県,北上市,きたえるーむ北上中央店,きたえるーむキタカミチュウオウテン,北上市北鬼柳18地割50番地1,,39.293072,141.099777,１階施設入口,0197-72-8809,,施設就業時間等に準ずる,,,
032069,0000000283,岩手県,北上市,江釣子10区コミュニティーセンター,エヅリコジュックコミュニティーセンター,北上市滑田４地割11番地２,,39.317043,141.059235,１階玄関,0197-77-4455,,施設就業時間等に準ずる,,,
032069,0000000284,岩手県,北上市,江釣子小学校,エヅリコショウガッコウ,北上市上江釣子16地割200番地,,39.300014,141.073196,"１階体育館入口
１階保健室",0197-77-2219,,施設就業時間等に準ずる,,,
032069,0000000285,岩手県,北上市,江釣子中学校,エヅリコチュウガッコウ,北上市上江釣子17地割172番地１,,39.298065,141.074097,"１階職員玄関
１階体育館入口",0197-77-2931,,施設就業時間等に準ずる,,,
032069,0000000286,岩手県,北上市,江釣子保育園,エヅリコホイクエン,北上市上江釣子17地割105番地１,,39.298065,141.074097,１階玄関,0197-77-2855,,施設就業時間等に準ずる,,,
032069,0000000287,岩手県,北上市,江釣子幼稚園,エヅリコヨウチエン,北上市滑田15地割57番地,,39.317581,141.067184,１階事務室内,0197-77-4340,,施設就業時間等に準ずる,,,
032069,0000000288,岩手県,北上市,菅整形外科医院,カンセイケイゲカイイン,北上市上江釣子16地割51番地２,,39.300014,141.073196,１階処置室,0197-77-5110,,施設就業時間等に準ずる,,,
032069,0000000289,岩手県,北上市,北上市役所江釣子庁舎,キタカミシヤクショエヅリコチョウシャ,北上市上江釣子17地割201番地2,,39.298065,141.074097,１階正面入口,0197-64-2111,4210,施設就業時間等に準ずる,,,
032069,0000000290,岩手県,北上市,ケミコン岩手株式会社,ケミコンイワテカブシキカイシャ,北上市下江釣子14地割40番地１,,39.296223,141.052948,"１階事務室
１階第５工場入口",0197-77-2231,,施設就業時間等に準ずる,,,
032069,0000000291,岩手県,北上市,佐藤さとし歯科医院,サトウサトシシカイイン,北上市下江釣子11地割60番地４,,39.299519,141.03804,１階受付,0197-73-5850,,施設就業時間等に準ずる,,,
032069,0000000292,岩手県,北上市,北上市立鳩岡崎保育園,キタカミシリツハトオカザキホイクエン,北上市鳩岡崎3地割44番地17,,39.312798,141.084,１階事務室,0197-77-2412,,施設就業時間等に準ずる,,,
032069,0000000293,岩手県,北上市,花巻農業協同組合江釣子支店,ハナマキノウギョウキョウドウクミアイエヅリコシテン,北上市上江釣子17地割210番地１,,39.298065,141.074097,１階事務室,0197-77-2511,,施設就業時間等に準ずる,,,
032069,0000000294,岩手県,北上市,ひらのこどもクリニック,ヒラノコドモクリニック,北上市上江釣子17地割219番地１,,39.297325,141.072159,１階処置室,0197-71-5800,,施設就業時間等に準ずる,,,
032069,0000000295,岩手県,北上市,和賀川グリンパークテニスコート,ワガカワグリンパークテニスコート,北上市上江釣子21地割,,39.29781,141.076996,１階管理棟,090-1063-2318,,施設就業時間等に準ずる,,,
032069,0000000296,岩手県,北上市,㈱愛工大興岩手営業所,カブシキガイシャアイコウタイコウイワテエイギョウショ,北上市上江釣子12地割264番地1,,39.30249,141.084396,１階事務室,0197-72-6100,,施設就業時間等に準ずる,,,
032069,0000000297,岩手県,北上市,江釣子野球場,エヅリコヤキュウジョウ,北上市上江釣子２地割121番地１,,39.300285,141.059647,１階本部室,0197-77-4343,,施設就業時間等に準ずる,,,
032069,0000000298,岩手県,北上市,江釣子体育館,エヅリコタイイクカン,北上市上江釣子17地割172番地,,39.298065,141.074097,１階体育館玄関,0197-77-4004,,施設就業時間等に準ずる,,,
032069,0000000299,岩手県,北上市,北上市立江釣子保育園地域子育て支援センター,キタカミシリツエヅリコホイクエンチイキコソダテシエンセンター,北上市上江釣子17地割138番地1,,39.296803,141.075348,１階事務室,0197-77-3920,,施設就業時間等に準ずる,,,
032069,0000000300,岩手県,北上市,江釣子共同福祉施設,エヅリコキョウドウフクシシセツ,北上市鳩岡崎２地割５１番地1,,39.313465,141.086624,１階管理人室前,0197-72-8243,,施設就業時間等に準ずる,,,
032069,0000000301,岩手県,北上市,立風の館,リーフノヤカタ,北上市下江釣子13地割77番地１,,39.299503,141.04686,１階廊下,0197-62-5088,,施設就業時間等に準ずる,,,
032069,0000000302,岩手県,北上市,特別養護老人ホーム　わがの里,トクベツヨウゴロウジンホーム　ワガノサト,北上市下江釣子10地割74番地３,,39.295338,141.038345,１階面会室,0197-73-5511,,施設就業時間等に準ずる,,,
032069,0000000303,岩手県,北上市,TDK秋田株式会社北上工場,ティーディーケーアキタカブシキガイシャキタカミコウジョウ,北上市和賀町後藤２地割106番地163,,39.327991,141.004532,"１階守衛所
１階正面玄関
１階健康管理室
１階食堂",0197-71-7611,,施設就業時間等に準ずる,,,
032069,0000000304,岩手県,北上市,株式会社ＩＪＴＴ北上工場,カブシキガイシャＩＪＴＴキタカミコウジョウ,北上市和賀町後藤２地割106番地６,,39.327991,141.004532,１階事務所入口,0197-73-8501,,施設就業時間等に準ずる,,,
032069,0000000305,岩手県,北上市,いわさき小学校,イワサキショウガッコウ,北上市和賀町岩崎18地割53番地３,,39.281673,141.04158,"１体育館入口
１階更衣室",0197-71-7887,,施設就業時間等に準ずる,,,
032069,0000000306,岩手県,北上市,いわさき認定こども園,イワサキニンテイコドモエン,北上市和賀町岩崎18地割57番地14,,39.280872,141.039062,１階医務室,0197-73-8111,,施設就業時間等に準ずる,,,
032069,0000000307,岩手県,北上市,岩手中部浄水場,イワテチュウブジョウスイジョウ,北上市和賀町煤孫３地割320番地,,39.270756,140.995071,２階中央操作室,0197-73-5300,,施設就業時間等に準ずる,,,
032069,0000000308,岩手県,北上市,門神歯科クリニック,カドガミシカクリニック,北上市和賀町横川目36地割16番地10,,39.308575,140.985764,１階受付,0197-72-4180,,施設就業時間等に準ずる,,,
032069,0000000309,岩手県,北上市,きたかみカントリークラブ,キタカミカントリークラブ,北上市和賀町煤孫1地割97番地１,,39.26786,140.979309,１階フロント,0197-73-6911,,施設就業時間等に準ずる,,,
032069,0000000310,岩手県,北上市,北上市多目的催事場,キタカミシタモクテキサイジジョウ,北上市和賀町藤根17地割14番地１,,39.302917,141.030716,１階事務所,0197-73-5964,,施設就業時間等に準ずる,,,
032069,0000000311,岩手県,北上市,北上市役所和賀庁舎,キタカミシヤクショワガチョウシャ,北上市和賀町横川目11地割160番地,,39.306732,140.979309,１階正面玄関入口,0197-64-2111,5110,施設就業時間等に準ずる,,,
032069,0000000312,岩手県,北上市,株式会社　北日本リゾート（夏油高原スキー場）,カブシキガイシャ　キタニホンリゾート（ゲトウコウゲンスキージョウ）,北上市和賀町岩崎新田畑入山国有林内,,39.257545,141.005173,１階スキー場内インフォメーション,"0197-65-9005
",,施設就業時間等に準ずる,,,
032069,0000000313,岩手県,北上市,昭和コンクリート工業株式会社岩手工場,ショウワコンクリートコウギョウカブシキガイシャイワテコウジョウ,北上市和賀町竪川目１地割33番地27,,39.312595,141.000626,１階事務室内,0197-72-2750,,施設就業時間等に準ずる,,,
032069,0000000314,岩手県,北上市,株式会社　西部開発農産,カブシキガイシャ　セイブカイハツノウサン,北上市和賀町後藤１地割333番地,,39.333561,140.999451,１階事務所入口,0197-73-6471,,施設就業時間等に準ずる,,,
032069,0000000315,岩手県,北上市,株式会社　瀬美温泉,カブシキガイシャ　セミオンセン,北上市和賀町岩崎新田1地割128番地2,,39.242352,140.988144,１階フロント,0197-73-7294,,施設就業時間等に準ずる,,,
032069,0000000316,岩手県,北上市,株式会社多加良製作所岩手工場,カブシキガイシャタカラセイサクショイワテコウジョウ,北上市和賀町竪川目１地割33番地126,,39.312595,141.000626,"１階食堂棟
１階事務棟
１階組立棟",0197-72-2141,,施設就業時間等に準ずる,,,
032069,0000000317,岩手県,北上市,株式会社北上テクノ,カブシキガイシャキタカミテクノ,北上市和賀町竪川目１地割192番地１,,39.309288,140.996002,１階玄関,0197-71-6655,,施設就業時間等に準ずる,,,
032069,0000000318,岩手県,北上市,東北日発株式会社,トウホクニッパツカブシキガイシャ,北上市和賀町藤根18地割25番地２,,39.301575,141.03981,１階事務所玄関,0197-73-5221,,施設就業時間等に準ずる,,,
032069,0000000319,岩手県,北上市,長沼一区公民館,ナガヌマイックコウミンカン,北上市和賀町長沼３地割55番地,,39.298264,141.012955,１階玄関,,,施設就業時間等に準ずる,,,
032069,0000000320,岩手県,北上市,社会福祉法人方光会　萩の江,シャカイフクシホウジンホウコウカイ　ハギノエ,北上市和賀町藤根14地割144番地15,,39.315937,141.031418,１階事務所　,0197-71-7066,,施設就業時間等に準ずる,,,
032069,0000000321,岩手県,北上市,畠山歯科クリニック,ハタケヤマシカクリニック,北上市和賀町長沼６地割146番地７,,39.298355,141.033081,１階診察室,0197-73-5893,,施設就業時間等に準ずる,,,
032069,0000000322,岩手県,北上市,花巻農業協同組合和賀町・岩崎・横川目支店,ハナマキノウギョウキョウドウクミアイワガチョウ・イワサキ・ヨコカワメシテン,北上市和賀町藤根18地割39番地３,,39.302299,141.035019,２階事務室,0197-73-5111,,施設就業時間等に準ずる,,,
032069,0000000323,岩手県,北上市,日立オートモティブシステムズハイキャスト株式会社,ヒタチオートモティブシステムズハイキャストカブシキガイシャ,北上市和賀町後藤２地割106番地145,,39.327991,141.004532,"１階管理棟内
１階工場内",0197-71-7211,,施設就業時間等に準ずる,,,
032069,0000000324,岩手県,北上市,ふるさと体験館北上,フルサトタイケンカンキタカミ,北上市和賀町山口23地割24番地５,,39.296673,140.973663,１階フロント事務室,0197-72-2883,,施設就業時間等に準ずる,,,
032069,0000000325,岩手県,北上市,北上市立藤根幼稚園,キタカミシリツフジネヨウチエン,北上市和賀町長沼6地割6番地３,,39.299549,141.030502,１階玄関,0197-73-5335,,施設就業時間等に準ずる,,,
032069,0000000326,岩手県,北上市,藤根地区交流センター,フジネチクコウリュウセンター,北上市和賀町藤根14地割147番地３,,39.315937,141.031418,１階玄関ホール,0197-73-5299,,施設就業時間等に準ずる,,,
032069,0000000327,岩手県,北上市,横川目デイサービス長寿園,ヨコカワメデイサービスチョウジュエン,北上市和賀町横川目13地割3番地３,,39.310822,140.972702,１階廊下,0197-71-6848,,施設就業時間等に準ずる,,,
032069,0000000328,岩手県,北上市,介護老人保健施設　まつみ,カイゴロウジンホケンシセツ　マツミ,北上市和賀町長沼５地割350番地１,,39.299694,141.028671,１階玄関,0197-73-8811,,施設就業時間等に準ずる,,,
032069,0000000329,岩手県,北上市,北上市立笠松小学校,キタカミシリツカサマツショウガッコウ,北上市和賀町竪川目２地割18番地２,,39.306671,140.997131,１階体育館,0197-72-2103,,施設就業時間等に準ずる,,,
032069,0000000330,岩手県,北上市,和賀西小学校,ワガニシショウガッコウ,北上市和賀町横川目７地割134番地３,,39.312256,140.971786,"１階体育館玄関
１階職員室",0197-72-2102,,施設就業時間等に準ずる,,,
032069,0000000331,岩手県,北上市,和賀西中学校,ワガニシチュウガッコウ,北上市和賀町横川目13地割64番地１,,39.314781,140.978638,"１階職員玄関
１階体育館入口",0197-72-2105,,施設就業時間等に準ずる,,,
032069,0000000332,岩手県,北上市,障がい福祉サービス事業所　和賀の園　,ショウガイフクシサービスジギョウショ　ワガノソノ,北上市和賀町煤孫９地割９番地１,,39.284267,141.005341,１階事務室兼職員室,0197-73-5123,,施設就業時間等に準ずる,,,
032069,0000000333,岩手県,北上市,ハイリマレリ岩手株式会社,ハイリマレリイワテカブシキガイシャ,北上市和賀町竪川目１地割27番地５,,39.311489,141.002075,"C棟１階事務室
組立棟１階休憩室
過酷棟１階手洗場",0197-72-4111,,施設就業時間等に準ずる,,,
032069,0000000334,岩手県,北上市,和賀東小学校,ワガヒガシショウガッコウ,北上市和賀町藤根17地割100番地２,,39.302067,141.031113,"１階正面玄関
１階体育館入口",0197-71-7166,,施設就業時間等に準ずる,,,
032069,0000000335,岩手県,北上市,和賀東中学校,ワガヒガシチュウガッコウ,北上市和賀町長沼６地割１番地,,39.297546,141.030441,"１階体育館入口
２階職員室前",0197-73-5106,,施設就業時間等に準ずる,,,
032069,0000000336,岩手県,北上市,岩崎野球場,イワサキヤキュウジョウ,北上市和賀町岩崎18地割74番地５,,39.280872,141.039062,１階玄関,0197-73-5403,,施設就業時間等に準ずる,,,
032069,0000000337,岩手県,北上市,東北自然エネルギー㈱北上事業所,トウホクシゼンエネルギーカブシキガイシャキタカミジギョウショ,北上市和賀町仙人6地割44番地3,,39.306519,140.919403,２階事務所,0197-74-2103,,施設就業時間等に準ずる,,,
032069,0000000338,岩手県,北上市,㈱小田島組,カブシキガイシャオダシマグミ,北上市和賀町竪川目1地割33番地137,,39.312595,141.000626,１階出入口,0197-72-2176,,施設就業時間等に準ずる,,,
032069,0000000339,岩手県,北上市,岩崎地区交流センター,イワサキチクコウリュウセンター,北上市和賀町岩崎18地割53番地８,,39.281673,141.04158,１階玄関ホール,0197-73-6076,,施設就業時間等に準ずる,,,
032069,0000000340,岩手県,北上市,北上市立鬼の館,キタカミシリツオニノヤカタ,北上市和賀町岩崎16地割131番地,,39.275845,141.045258,１階エントランスホール,0197-73-8488,,施設就業時間等に準ずる,,,
032069,0000000341,岩手県,北上市,岩手中部広域行政組合,イワテチュウブコウイキギョウセイクミアイ,北上市和賀町後藤３地割60番地,,39.32613,141.018936,１階ロビー,0197-72-8286,,施設就業時間等に準ずる,,,
032069,0000000342,岩手県,北上市,北上市消防団13分団6部屯所,キタカミシショウボウダンジュウサンブンダンロクブトンショ,北上市和賀町岩崎29地割,,39.278515,141.050018,,,,施設就業時間等に準ずる,,,車両に積載
032069,0000000343,岩手県,北上市,介護老人保健施設　みさと,カイゴロウジンホケンシセツ　ミサト,北上市和賀町煤孫10地割14番地１,,39.288971,141.001434,２階医務室,0197-71-7231,,施設就業時間等に準ずる,,,
032069,0000000344,岩手県,北上市,小規模多機能ホーム　横川目,ショウキボタキノウホーム　ヨコカワメ,北上市和賀町横川目11地割161番地１,,39.306221,140.977722,１階リビング,0197-72-4531,,施設就業時間等に準ずる,,,
032069,0000000345,岩手県,北上市,岩手中部クリーンセンター地域振興施設クリーンドーム,イワテチュウブクリーンセンターチイキシンコウシセツクリーンドーム,北上市和賀町後藤3地割470番地,,39.32613,141.018936,１階玄関,0197-72-8286,,施設就業時間等に準ずる,,,
