都道府県コード又は市区町村コード,NO,都道府県名,市区町村名,名称,名称_カナ,住所,方書,緯度,経度,設置位置,電話番号,内線番号,法人番号,団体名,利用可能曜日,開始時間,終了時間,利用可能日時特記事項,小児対応設備の有無,URL,備考,"注1：利用可能曜日が定まっている施設に設置されている場合、区分：◎。定まっていない施設に設置されている場合、空欄とし、「利用可能日時特記事項」に「○○小学校の利用可能曜日に従う」等理由を記載
注2：開始時間が定まっている施設に設置されている場合、区分：◎。定まっていない施設に設置されている場合、空欄とし、「利用可能日時特記事項」に「○○小学校の開始時間に従う」等理由を記載
注3：終了時間が定まっている施設に設置されている場合、区分：◎。定まっていない施設に設置されている場合、空欄とし、「利用可能日時特記事項」に「○○小学校の終了時間に従う」等理由を記載"
32026,1,岩手県,宮古市,宮古市役所本庁舎,ミヤコシヤクショホンチョウシャ,岩手県宮古市宮町1-1-30,,39.639605,141.946524,4階東側トイレ前,(0193)62-2111,,6.00002E+12,宮古市,月火水木金,8:30,17:15,祝日、年末年始は休み,無,,,
32026,2,岩手県,宮古市,市民交流センター,シミンコウリュウセンター,岩手県宮古市宮町1-1-30,,39.639605,141.946524,事務所内,63-4166,,,,,,,,,,,
32026,3,岩手県,宮古市,田老総合事務所,タロウソウゴウジムショ,岩手県宮古市田老1-3-4,,39.735506,141.967574,1階事務室内,87-2111,,,,,,,,,,,
32026,4,岩手県,宮古市,新里総合事務所,ニイサトソウゴウジムショ,岩手県宮古市茂市2-112-1,,39.626579,141.790699,地域振興係カウンター横,72-2111,,,,,,,,,,,
32026,5,岩手県,宮古市,川井総合事務所,カワイソウゴウジムショ,岩手県宮古市川井2-186-1,,39.599978,141.679462,正面入口付近,76-2111,,,,,,,,,,,
32026,6,岩手県,宮古市,宮古保健センター,ミヤコホケンセンター,岩手県宮古市宮町1-1-30,,39.63935,141.946492,事務室入口付近,64-0111,,,,,,,,,,,
32026,7,岩手県,宮古市,川井保健センター,カワイホケンセンター,岩手県宮古市川井2-165,,39.599524,141.679044,正面入口付近,76-2036,,,,,,,,,,,
32026,8,岩手県,宮古市,宮古市休日急患診療所,ミヤコシキュウジツキュウカンシンリョウジョ,岩手県宮古市西町1-6-2,,39.645645,141.943982,処置室内可動式ワゴン上,64-0113,,,,,,,,,,,
32026,9,岩手県,宮古市,宮古市国民健康保険田老診療所,ミヤコシコクミンケンコウホケンタロウシンリョウジョ,岩手県宮古市田老三王1-1-3,,39.740091,141.976442,正面入口付近トイレ前,65-7071,,,,,,,,,,,
32026,10,岩手県,宮古市,宮古市国民健康保険新里診療所,ミヤコシコクミンケンコウホケンニイサトシンリョウジョ,岩手県宮古市茂市1-116-9,,39.628627,141.786605,内科待合室前,72-2016,,,,,,,,,,,
32026,11,岩手県,宮古市,宮古市国民健康保険川井診療所,ミヤコシコクミンケンコウホケンカワイシンリョウジョ,岩手県宮古市川井2-169-5,,39.598614,141.678899,診察室入口前,76-2015,,,,,,,,,,,
32026,12,岩手県,宮古市,宮古市上下水道部,ミヤコシジョウゲスイドウブ,岩手県宮古市長町1-2-1,,39.638226,141.930876,正面入口付近,63-1115,,,,,,,,,,,
32026,13,岩手県,宮古市,宮古市立図書館,ミヤコシリツトショカン,岩手県宮古市宮町3-2-2,,39.639911,141.942984,正面入口付近,62-2414,,,,,,,,,,,
32026,14,岩手県,宮古市,中央公民館分館,チュウオウコウミンカンブンカン,岩手県宮古市保久田7-22,,39.644621,141.947941,正面入口付近火災報知器下,63-4700,,,,,,,,,,,
32026,15,岩手県,宮古市,山口公民館,ヤマグチコウミンカン,岩手県宮古市山口1-3-14,,39.650312,141.936858,事務室入口前,62-3670,,,,,,,,,,,
32026,16,岩手県,宮古市,田老公民館,タロウコウミンカン,岩手県宮古市田老字館が森3,,39.737919,141.969463,事務室内,87-2976,,,,,,,,,,,
32026,17,岩手県,宮古市,鍬ヶ崎公民館,クワガサキコウミンカン,岩手県宮古市港町3-1,,39.648359,141.969055,正面入口付近,62-3145,,,,,,,,,,,
32026,18,岩手県,宮古市,津軽石公民館,ツガルイシコウミンカン,岩手県宮古市津軽石4-40-6,,39.581917,141.935189,正面入口付近,67-2111,,,,,,,,,,,
32026,19,岩手県,宮古市,新里生涯学習センター,ニイサトショウガイガクシュウセンター,岩手県宮古市茂市5-2,,39.616163,141.799438,事務室内,72-2019,,,,,,,,,,,
32026,20,岩手県,宮古市,高浜地区センター,タカハマチクセンター,岩手県宮古市高浜2-6-5,,39.605007,141.9535,正面入口付近,,,,,,,,,,,,
32026,21,岩手県,宮古市,宮古市民総合体育館（シーアリーナ）,ミヤコシミンソウゴウタイイクカン（シーアリーナ）,岩手県宮古市小山田2-1-1,,39.633591,141.942657,体育館棟2階トレーニングルーム内,62-6000,,,,,,,,,,,
32026,22,岩手県,宮古市,姉ヶ崎サン・スポーツランド,アネガサキサン・スポーツランド,岩手県宮古市崎山3-75-1,,39.685511,141.98061,事務室入口前,63-6323,,,,,,,,,,,
32026,23,岩手県,宮古市,千徳地区体育館,セントクチクタイイクカン,岩手県宮古市千徳町5-38,,39.633545,141.919407,正面入口付近,63-5402,,,,,,,,,,,
32026,24,岩手県,宮古市,宮古市野外活動センター,ミヤコシヤガイカツドウセンター,岩手県宮古市田代15-232,,39.694597,141.87367,事務室内,64-8054,,,,,,,,,,,
32026,25,岩手県,宮古市,へいがわ老木公園,ヘイガワロウキコウエン,岩手県宮古市老木11-16-15,,39.628497,141.885037,クラブハウス内,69-9040,,,,,,,,,,,
32026,26,岩手県,宮古市,新里健康増進施設（トレーニングセンター）,ニイサトケンコウゾウシンシセツ（トレーニングセンター）,岩手県宮古市刈屋1-7-3,,39.635067,141.776205,体育館出入口付近,72-2669,,,,,,,,,,,
32026,27,岩手県,宮古市,藤の川海水浴場,フジノカワカイスイヨクジョウ,岩手県宮古市藤の川15,,39.611724,141.962559,監視員室,,,,,,,,,,,,
32026,28,岩手県,宮古市,リアスハーバー宮古（管理棟）,リアスハーバーミヤコ（カセツテイコナイ）,岩手県宮古市神林9-1,,39.61822,141.965874,管理棟正面入口付近,71-1120,,,,,,,,,,,
32026,29,岩手県,宮古市,宮古運動公園陸上競技場,ミヤコウンドウコウエンリクジョウキョウギジョウ,岩手県宮古市赤前8-10-2,,39.585107,141.949325,事務室正面入口付近,67-9811,,,,,,,,,,,
32026,30,岩手県,宮古市,宮古運動公園野球場,ミヤコウンドウコウエンヤキュウジョウ,岩手県宮古市赤前8-10-2,,39.585555,141.951756,1階医務室内,67-4611,,,,,,,,,,,
32026,31,岩手県,宮古市,宮古市田老野球場,ミヤコシタロウヤキュウジョウ,岩手県宮古市田老2-3-1,,39.736443,141.971458,本部室,87-2976,,,,,,,,,,,
32026,32,岩手県,宮古市,宮古駅前総合観光案内所,ミヤコエキソウゴウカンコウアンナイジョ,岩手県宮古市宮町1-1-80,,39.640242,141.946911,正面入口付近,62-3534,,,,,,,,,,,
32026,33,岩手県,宮古市,浄土ヶ浜レストハウス,ジョウドガハマレストハウス,岩手県宮古市日立浜町32,,39.652212,141.977681,1階事務室内,62-1179,,,,,,,,,,,
32026,34,岩手県,宮古市,シートピアなあど,シートピアナアド,岩手県宮古市臨港通1-20,,39.639081,141.970096,正面入口付近,71-3100,,,,,,,,,,,
32026,35,岩手県,宮古市,道の駅やまびこ館,ミチノエキヤマビコカン,岩手県宮古市川内8-2,,39.6489,141.589329,売店レジ下,85-5011,,,,,,,,,,,
32026,36,岩手県,宮古市,道の駅区界高原（ビーフビレッジ）,ミチノエキクザカイコウゲン（ビーフビレッジ）,岩手県宮古市区界2-434-2,,39.651262,141.353762,レストラン内,77-2266,,,,,,,,,,,
32026,37,岩手県,宮古市,道の駅たろう,ミチノエキタロウ,岩手県宮古市田老3-5-1,,39.737643,141.971844,とれたろう入口付近,,,,,,,,,,,,
32026,38,岩手県,宮古市,グリーンピア三陸みやこ,グリーンピアサンリクミヤコ,岩手県宮古市田老字向新田148,,39.791929,141.971791,2階フロント,87-5111,,,,,,,,,,,
32026,40,岩手県,宮古市,湯ったり館,ユッタリカン,岩手県宮古市茂市8-53,,39.616241,141.793499,正面入口付近,72-3800,,,,,,,,,,,
32026,41,岩手県,宮古市,安庭山荘,アテイサンソウ,岩手県宮古市和井内14-1-76,,39.704845,141.661309,大広間内,73-2216,,,,,,,,,,,
32026,42,岩手県,宮古市,宮古市民文化会館,ミヤコシミンブンカカイカン,岩手県宮古市磯鶏沖2-22,,39.628348,141.963841,大ホールロビー,63-2511,,,,,,,,,,,
32026,43,岩手県,宮古市,崎山貝塚縄文の森公園複合施設,サキヤマカイヅカジョウモンノモリコウエンフクゴウシセツ,岩手県宮古市崎山1-16-1,,39.674496,141.959673,ミュージアム入口付近,65-7526,,,,,,,,,,,
32026,44,岩手県,宮古市,金浜老人福祉センター,カネハマロウジンフクシセンター,岩手県宮古市金浜1-18-1,,39.59794,141.944282,事務所入口前,62-8231,,,,,,,,,,,
32026,45,岩手県,宮古市,近内介護予防拠点施設,チカナイカイゴヨボウキョテンシセツ,岩手県宮古市近内3-8-17,,39.647632,141.916988,正面玄関付近男子更衣室前,63-3315,,,,,,,,,,,
32026,46,岩手県,宮古市,宮古市総合福祉センター,ミヤコシソウゴウフクシセンター,岩手県宮古市小山田2-9-20,,39.634867,141.940178,1階事務室窓口付近,64-5050,,,,,,,,,,,
32026,50,岩手県,宮古市,宮古職業訓練センター,ミヤコショクギョウクンレンセンター,岩手県宮古市長町2-6-1,,39.632698,141.919777,正面入口付近,63-6688,,,,,,,,,,,
32026,51,岩手県,宮古市,みやこ斎苑,ミヤコサイエン,岩手県宮古市千徳14-71-4,,39.62272,141.927379,事務所内,64-2225,,,,,,,,,,,
32026,52,岩手県,宮古市,重茂漁業協同組合,オモエギョギョウキョウドウクミアイ,岩手県宮古市重茂1-37-1,,39.581156,142.021616,1階事務所前,68-2211,,,,,,,,,,,
32026,53,岩手県,宮古市,堀内地区センター,ホリナイチクセンター,岩手県宮古市赤前15-17-3,,39.593294,141.96464,正面入口付近,,,,,,,,,,,,
32026,54,岩手県,宮古市,八木沢地区センター,ヤギサワチクセンター,岩手県宮古市八木沢2-5-9,,39.621625,141.946154,正面入口付近,,,,,,,,,,,,
32026,55,岩手県,宮古市,身体障害者福祉センター,シンタイショウガイシャフクシセンター,岩手県宮古市金浜1-16-1,,39.597833,141.944169,事務所前,63-7333,,,,,,,,,,,
32026,56,岩手県,宮古市,基幹集落センター,キカンシュウラクセンター,岩手県宮古市刈屋11-101-17,,39.645292,141.757066,正面入口付近,72-2216,,,,,,,,,,,
32026,57,岩手県,宮古市,和井内ふるさと会館,ワイナイフルサトカイカン,岩手県宮古市和井内17-64-2,,39.685539,141.716321,正面入口付近カウンター横,83-7800,,,,,,,,,,,
32026,58,岩手県,宮古市,宮古女遊戸地区集会施設,ミヤコオナツペチクシュウカイシセツ,岩手県宮古市崎山5-11-2,,39.691198,141.959285,正面入口付近,,,,,,,,,,,,
32026,1001,岩手県,宮古市,宮古小学校,ミヤコショウガッコウ,岩手県宮古市横町5-1,,39.644447,141.950108,正面入口付近,62-2009,,,,,,,,,,,
32026,1002,岩手県,宮古市,鍬ヶ崎小学校,クワガサキショウガッコウ,岩手県宮古市熊野町6-33,,39.649585,141.966426,体育館出入口付近,62-6043,,,,,,,,,,,
32026,1003,岩手県,宮古市,磯鶏小学校,ソケイショウガッコウ,岩手県宮古市上村2-4-1,,39.627522,141.954657,職員玄関内,62-2454,,,,,,,,,,,
32026,1004,岩手県,宮古市,山口小学校,ヤマグチショウガッコウ,岩手県宮古市鴨崎町3-25,,39.645405,141.942008,職員玄関入口付近、体育館内,62-2723,,,,,,,,,,,
32026,1005,岩手県,宮古市,千徳小学校,セントクショウガッコウ,岩手県宮古市西ヶ丘1-2-1,,39.640535,141.916714,1階保健室前,62-3934,,,,,,,,,,,
32026,1006,岩手県,宮古市,高浜小学校,タカハマショウガッコウ,岩手県宮古市高浜4-7-22,,39.599056,141.944164,体育館出入口付近,62-5567,,,,,,,,,,,
32026,1007,岩手県,宮古市,花輪小学校,ハナワショウガッコウ,岩手県宮古市花輪4-26,,39.609397,141.899436,体育館出入口付近,69-2022,,,,,,,,,,,
32026,1008,岩手県,宮古市,津軽石小学校,ツガルイシショウガッコウ,岩手県宮古市津軽石4-82,,39.581301,141.934159,体育館出入口付近,67-2117,,,,,,,,,,,
32026,1010,岩手県,宮古市,重茂小学校,オモエショウガッコウ,岩手県宮古市重茂2-12,,39.584679,142.021921,昇降口内,68-2034,,,,,,,,,,,
32026,1011,岩手県,宮古市,崎山小学校,サキヤマショウガッコウ,岩手県宮古市崎山3-2,,39.678806,141.959952,昇降口内,62-3680,,,,,,,,,,,
32026,1012,岩手県,宮古市,田老第一小学校,タロウダイイチショウガッコウ,岩手県宮古市田老字館が森155-2,,39.736121,141.966496,正面玄関靴箱横,87-2521,,,,,,,,,,,
32026,1013,岩手県,宮古市,新里小学校,ニイサトショウガッコウ,岩手県宮古市刈屋11-48-3,,39.645052,141.754282,職員室前廊下,72-2014,,,,,,,,,,,
32026,1014,岩手県,宮古市,川井小学校,カワイショウガッコウ,岩手県宮古市川井5-101-1,,39.598288,141.682198,職員室内,76-2010,,,,,,,,,,,
32026,2001,岩手県,宮古市,第一中学校,ダイイチチュウガッコウ,岩手県宮古市宮町2-5-7,,39.63797,141.944899,職員玄関,62-4209,,,,,,,,,,,
32026,2002,岩手県,宮古市,第二中学校,ダイニチュウガッコウ,岩手県宮古市日の出町7-1,,39.653621,141.955601,職員玄関,62-3008,,,,,,,,,,,
32026,2003,岩手県,宮古市,河南中学校,カナンチュウガッコウ,岩手県宮古市河南1-1-1,,39.622774,141.954367,職員玄関,62-2602,,,,,,,,,,,
32026,2004,岩手県,宮古市,宮古西中学校,ミヤコニシチュウガッコウ,岩手県宮古市西ヶ丘2-1-1,,39.640585,141.913362,職員玄関,62-4643,,,,,,,,,,,
32026,2005,岩手県,宮古市,花輪中学校,ハナワチュウガッコウ,岩手県宮古市花輪5-132,,39.613654,141.898894,職員玄関,69-2034,,,,,,,,,,,
32026,2006,岩手県,宮古市,津軽石中学校,ツガルイシチュウガッコウ,岩手県宮古市津軽石11-57,,39.572201,141.93918,職員玄関,67-2015,,,,,,,,,,,
32026,2007,岩手県,宮古市,重茂中学校,オモエチュウガッコウ,岩手県宮古市重茂2-1,,39.587424,142.019132,保健室内窓際,68-2015,,,,,,,,,,,
32026,2008,岩手県,宮古市,崎山中学校,サキヤマチュウガッコウ,岩手県宮古市崎山3-1-1,,39.679281,141.961786,職員玄関,62-4158,,,,,,,,,,,
32026,2009,岩手県,宮古市,田老第一中学校,タロウダイイチチュウガッコウ,岩手県宮古市田老字館が森3,,39.739227,141.969795,職員室前廊下,87-2531,,,,,,,,,,,
32026,2010,岩手県,宮古市,新里中学校,ニイサトチュウガッコウ,岩手県宮古市刈屋15-133,,39.641337,141.774933,職員玄関,79-1788,,,,,,,,,,,
32026,2011,岩手県,宮古市,川井中学校,カワイチュウガッコウ,岩手県宮古市川井5-101-1,,39.6241,141.622621,職員室内,74-2105,,,,,,,,,,,
32026,3001,岩手県,宮古市,小山田保育所,コヤマダホイクショ,岩手県宮古市小山田2-7-3,,39.632872,141.940162,中央玄関付近,62-0875,,,,,,,,,,,
32026,3002,岩手県,宮古市,愛宕保育所,アタゴホイクショ,岩手県宮古市愛宕1-1-26,,39.643699,141.961395,保育室前廊下,62-3472,,,,,,,,,,,
32026,3003,岩手県,宮古市,千徳保育所,セントクホイクショ,岩手県宮古市千徳町5-31,,39.633603,141.920153,職員玄関,62-4108,,,,,,,,,,,
32026,3004,岩手県,宮古市,花輪保育所,ハナワホイクショ,岩手県宮古市花輪4-2-1,,39.607872,141.898389,事務室前廊下,69-2249,,,,,,,,,,,
32026,3005,岩手県,宮古市,山口保育所,ヤマグチホイクショ,岩手県宮古市山口5-2-1,,39.653811,141.934749,職員玄関,63-0442,,,,,,,,,,,
32026,3006,岩手県,宮古市,佐原保育所,サバラホイクショ,岩手県宮古市佐原2-8-8,,39.65555,141.956202,正面入口付近,63-5846,,,,,,,,,,,
32026,3007,岩手県,宮古市,磯鶏保育所,ソケイホイクショ,岩手県宮古市上村2-5-6,,39.624034,141.955504,職員玄関,62-3076,,,,,,,,,,,
32026,3008,岩手県,宮古市,崎山保育所,サキヤマホイクショ,岩手県宮古市崎山3-1-2,,39.678451,141.960896,正面入口付近トイレ前,64-0191,,,,,,,,,,,
32026,3009,岩手県,宮古市,津軽石保育所,ツガルイシホイクショ,岩手県宮古市津軽石4-40-8,,39.581987,141.93468,事務室カウンター付近,67-2217,,,,,,,,,,,
32026,3010,岩手県,宮古市,田老保育所,タロウホイクショ,岩手県宮古市田老三王1-1-6,,39.740184,141.977418,正面入口付近,65-7337,,,,,,,,,,,
32026,3011,岩手県,宮古市,新里保育所,ニイサトホイクショ,岩手県宮古市茂市2-146-1,,39.625741,141.792179,事務室内,72-2318,,,,,,,,,,,
32026,3013,岩手県,宮古市,小国保育所,オグニホイクショ,岩手県宮古市小国20-32-3,,39.5184,141.669796,正面玄関,78-2633,,,,,,,,,,,
32026,3014,岩手県,宮古市,重茂児童館,オモエジドウカン,岩手県宮古市重茂2-1,,39.587734,142.020146,正面玄関,68-2343,,,,,,,,,,,
32026,3015,岩手県,宮古市,高浜児童館,タカハマジドウカン,岩手県宮古市高浜4-1-40,,39.605231,141.951663,職員玄関,62-3464,,,,,,,,,,,
32026,3016,岩手県,宮古市,田代児童館,タシロジドウカン,岩手県宮古市田代16-141,,39.708361,141.888546,正面玄関,64-8330,,,,,,,,,,,
32026,3017,岩手県,宮古市,常安寺保育園,ジョウアンジホイクエン,岩手県宮古市沢田4-1,,39.644707,141.95492,職員室前廊下,62-5624,,,,,,,,,,,
32026,3018,岩手県,宮古市,宮古保育園,ミヤコホイクエン,岩手県宮古市保久田1-5,,39.642262,141.949003,ホール内,62-3929,,,,,,,,,,,
32026,3019,岩手県,宮古市,小百合幼稚園,サユリヨウチエン,岩手県宮古市宮町1-2-14,,39.63994,141.944046,正面玄関,64-0388,,,,,,,,,,,
32026,3020,岩手県,宮古市,認定こども園そけい幼稚園,ニイテイコドモエンソケイヨウチエン,岩手県宮古市磯鶏沖4-20,,39.628806,141.963025,正面玄関,62-8678,,,,,,,,,,,
32026,3021,岩手県,宮古市,認定こども園宮古泉幼稚園,ニイテイコドモエンミヤコイズミヨウチエン,岩手県宮古市上鼻2-6-6,,39.631285,141.912369,正面玄関,62-6365,,,,,,,,,,,
32026,3022,岩手県,宮古市,認定こども園宮古ひかり,ニンテイコドモエンミヤコヒカリ,岩手県宮古市西町3-3-26,,39.647099,141.940951,事務室内,62-6845,,,,,,,,,,,
32026,3023,岩手県,宮古市,宮古学童の家,ミヤコガクドウノイエ,岩手県宮古市横町5-1,宮古小学校敷地内,39.644435,141.950263,正面玄関,62-6599,,,,,,,,,,,
32026,4001,岩手県,宮古市,千徳学童の家,セントクガクドウノイエ,岩手県宮古市西ヶ丘1-2-1,千徳小学校内,39.640534,141.91674,正面玄関,62-6846,,,,,,,,,,,
32026,4002,岩手県,宮古市,山口学童の家,ヤマグチガクドウノイエ,岩手県宮古市鴨崎町3-25,山口小学校内,39.644761,141.941723,正面玄関付近,64-4301,,,,,,,,,,,
32026,4003,岩手県,宮古市,鍬ヶ崎学童の家,クワガサキガクドウノイエ,岩手県宮古市熊野町6-33,鍬ヶ崎小学校敷地内,39.649742,141.965343,電話付近,63-5856,,,,,,,,,,,
32026,4004,岩手県,宮古市,磯鶏学童の家,ソケイガクドウノイエ,岩手県宮古市上村2-4-1,磯鶏小学校敷地内,39.627242,141.954444,第1学童正面玄関,64-5907,,,,,,,,,,,
32026,4005,岩手県,宮古市,崎山学童の家,サキヤマガクドウノイエ,岩手県宮古市崎山3-2,崎山小学校内,39.679008,141.960579,正面玄関,64-5862,,,,,,,,,,,
32026,4006,岩手県,宮古市,花輪学童の家,ハナワガクドウノイエ,岩手県宮古市花輪4-26,花輪小学校敷地内,39.609319,141.899913,第1学童出入口付近,69-3155,,,,,,,,,,,
32026,4007,岩手県,宮古市,津軽石学童の家,ツガルイシガクドウノイエ,岩手県宮古市津軽石4-82,津軽石小学校敷地内,39.581318,141.934213,正面玄関,67-9171,,,,,,,,,,,
32026,4008,岩手県,宮古市,田老学童の家,タロウガクドウノイエ,岩手県宮古市田老字館が森3,田老公民館内,39.737911,141.969452,学童の部屋内,87-9171,,,,,,,,,,,
32026,4010,岩手県,宮古市,宮古養護学童の家,ミヤコヨウゴガクドウノイエ,岩手県宮古市崎山5-88,,39.697213,141.949947,保育室内ロッカー上,64-3506,,,,,,,,,,,
32026,4012,岩手県,宮古市,うみどり公園（管理棟）,ウミドリコウエン,岩手県宮古市新川町2,,39.64312,141.95676,管理棟内,,,,,,,,,,,,
32026,4013,岩手県,宮古市,宮古市地域創生センター,ミヤコチイキソウセイセンター,岩手県宮古市神林3-1,,39.62044,141.96319,1階受付案内前、2階事務室受付前,65-7133,,,,,,,,,,,
32026,4014,岩手県,宮古市,新里学童の家,ニイサトガクドウノイエ,宮古市刈屋11-53-3,,39.662373,141.726268,玄関付近の手洗い場,79-1588,,,,,,,,,,,
,,,,,,,,,,,,,,,,,,,無,,,
