,都道府県コード又は市区町村コード,都道府県名,市区町村名,名称,名称_カナ,住所,方書,設置位置,備考（設置台数）,経度,緯度
1,32018,岩手県,盛岡市,市役所本館1階・5階　市役所本館5階（貸出用）,シヤクショホンカン,岩手県盛岡市内丸12-2,,,4,141.1542578,39.70171006
2,32018,岩手県,盛岡市,若園町分庁舎,ワカゾノチョウブンチョウシャ,岩手県盛岡市若園町2-18,,,1,141.1583949,39.70327553
3,32018,岩手県,盛岡市,内丸分庁舎,ウチマルブンチョウシャ,岩手県盛岡市内丸3-46,,,1,141.1535679,39.70166852
4,32018,岩手県,盛岡市,都南総合支所,トナンソウゴウシショ,岩手県盛岡市津志田14-37-2,,,1,141.1581859,39.65439552
5,32018,岩手県,盛岡市,玉山総合事務所,タマヤマソウゴウジムショ,岩手県盛岡市渋民字泉田360,,,1,141.1671139,39.84671032
6,32018,岩手県,盛岡市,上下水道局本庁舎,ジョウゲスイドウキョクホンチョウシャ,岩手県盛岡市愛宕町6-8,,,1,141.1578075,39.70857359
7,32018,岩手県,盛岡市,盛岡市立病院1階・4階・6階,モリオカシリツビョウイン,岩手県盛岡市本宮5-15-1,,,3,141.1244857,39.68934697
8,32018,岩手県,盛岡市,盛岡市保健所1階・6階,モリオカシホケンジョ,岩手県盛岡市神明町3-29,,,2,141.1584017,39.7014914
9,32018,岩手県,盛岡市,高松地区保健センター,タカマツチクホケンセンター,岩手県盛岡市上田字毛無森2-11,,,1,141.1451853,39.73022864
10,32018,岩手県,盛岡市,盛岡市余熱利用健康増進センタ－（ゆぴあす）,モリオカシヨネツリヨウケンコウゾウシンセンター（ユピアス）,岩手県盛岡市上田字小鳥沢148-103,,,1,141.1821341,39.76465955
11,32018,岩手県,盛岡市,盛岡市立総合プ－ル,モリオカシリツソウゴウプール,岩手県盛岡市本宮5-3-1,,,1,141.1226922,39.69038068
12,32018,岩手県,盛岡市,盛岡タカヤアリーナ（盛岡市総合アリ－ナ）,モリオカタカヤアリーナ（モリオカシそうごうアリーナ）,岩手県盛岡市本宮5-4-1,,,1,141.12044,39.69088652
13,32018,岩手県,盛岡市,盛岡市渋民運動公園,モリオカシシブタミウンドウコウエン,岩手県盛岡市川崎字川崎1-1,,,2,141.1654963,39.85027961
14,32018,岩手県,盛岡市,盛岡体育館,モリオカタイイクカン,岩手県盛岡市上田3-17-60,,,1,141.1368018,39.7186933
15,32018,岩手県,盛岡市,盛岡ふれあい覆馬場プラザ,モリオカフレアイフクバジョウプラザ,岩手県盛岡市青山2-6-8,,,1,141.1136192,39.72499729
16,32018,岩手県,盛岡市,盛岡市動物公園,モリオカシドウブツコウエン,岩手県盛岡市新庄字下八木田60-18,,,1,141.1943846,39.69702768
17,32018,岩手県,盛岡市,盛岡市民文化ホ－ル,モリオカシミンブンカホール,岩手県盛岡市盛岡駅西通2-9-1,,,1,141.1336291,39.70117851
18,32018,岩手県,盛岡市,盛岡劇場・河南公民館,モリオカゲキジョウ・カナンコウミンカン,岩手県盛岡市松尾町3-1,,,1,141.1585184,39.69617827
19,32018,岩手県,盛岡市,姫神ホール（渋民文化会館）,ヒメカミホール（シブタミブンカカイカン）,岩手県盛岡市渋民字鶴塚55,,,1,141.1695261,39.84896719
20,32018,岩手県,盛岡市,中央公民館,チュウオウコウミンカン,岩手県盛岡市愛宕町14-1,,,1,141.1622073,39.71021543
21,32018,岩手県,盛岡市,上田公民館,ウエダコウミンカン,岩手県盛岡市上田4-1-1,,,1,141.1381628,39.72037253
22,32018,岩手県,盛岡市,西部公民館,セイブコウミンカン,岩手県盛岡市南青山町6-1,,,1,141.1159988,39.71842735
23,32018,岩手県,盛岡市,松園地区公民館(本館・別館),マツゾノチクコウミンカン（ホンカン・ベッカン）,岩手県盛岡市東松園2-5-3,,,2,141.1642174,39.75598766
24,32018,岩手県,盛岡市,見前地区公民館,ミルマエチクコウミンカン,岩手県盛岡市津志田中央2-9-1,,,1,141.1564901,39.66174663
25,32018,岩手県,盛岡市,玉山地区公民館,タマヤマチクコウミンカン,岩手県盛岡市日戸字鷹高50-16,,,1,141.1934229,39.79434967
26,32018,岩手県,盛岡市,薮川地区公民館,ヤブカワチクコウミンカン,岩手県盛岡市薮川字外山27-7,,,1,141.3206853,39.7798109
27,32018,岩手県,盛岡市,盛岡市立太田テニスコート,モリオカシリツオオタテニスコート,岩手県盛岡市上太田穴口4-3,,,1,141.0550193,39.69014471
28,32018,岩手県,盛岡市,綱取スポーツセンター,ツナトリスポーツセンター,岩手県盛岡市浅岸字綱取34-251,,,1,141.2075936,39.71856991
29,32018,岩手県,盛岡市,盛岡市立武道館,モリオカシリツブドウカン,岩手県盛岡市住吉町3-12,,,1,141.1627084,39.70316159
30,32018,岩手県,盛岡市,都南図書館2階,トナントショカン,岩手県盛岡市永井24-90-2,,,1,141.1547893,39.65331429
31,32018,岩手県,盛岡市,盛岡市子ども科学館,モリオカシコドモカガクカン,岩手県盛岡市本宮字蛇屋敷13-1,,,1,141.1299698,39.69406756
32,32018,岩手県,盛岡市,盛岡市先人記念館,モリオカシセンジンキネンカン,岩手県盛岡市本宮字蛇屋敷2-2,,,1,141.1266523,39.69399313
33,32018,岩手県,盛岡市,原敬記念館,ハラケイキネンカン,岩手県盛岡市本宮4-38-25,,,1,141.1287998,39.68738369
34,32018,岩手県,盛岡市,盛岡市遺跡の学び館,モリオカシイセキノマナビカン,岩手県盛岡市本宮字荒屋敷13-1,,,1,141.1295824,39.69251395
35,32018,岩手県,盛岡市,もりおか歴史文化館,モリオカレキシブンカカン,岩手県盛岡市内丸1-50,,,1,141.1526057,39.7010139
36,32018,岩手県,盛岡市,青山地区活動センター・青山老人福祉センター・青山支所,アオヤマチクカツドウセンター・アオヤマロウジンフクシセンター・アオヤマシショ,岩手県盛岡市青山3-37-7,,,1,141.1107156,39.72801058
37,32018,岩手県,盛岡市,厨川地区活動センター・厨川児童センター・厨川老人福祉センター,クリヤガワチクカツドウセンター・クリヤガワジドウセンター・クリヤガワロウジンフクシセンター,岩手県盛岡市前九年3-7-1,,,1,141.1210807,39.71714083
38,32018,岩手県,盛岡市,松園地区活動センター・松園児童センター・松園老人福祉センター,マツゾノチクカツドウセンター・マツゾノジドウセンター・マツゾノロウジンフクシセンター,岩手県盛岡市西松園2-18-1,,,1,141.1623247,39.75405894
39,32018,岩手県,盛岡市,加賀野地区活動センター,カガノチクカツドウセンター,岩手県盛岡市加賀野4-18-55,,,1,141.1696199,39.70913815
40,32018,岩手県,盛岡市,太田地区活動センター・太田支所,オオタチクカツドウセンター・オオタシショ,岩手県盛岡市中太田深持9,,,1,141.1006922,39.6931743
41,32018,岩手県,盛岡市,みたけ地区活動センター,ミタケチクカツドウセンター,岩手県盛岡市みたけ4-10-52,,,1,141.1210709,39.74283102
42,32018,岩手県,盛岡市,山岸地区活動センター,ヤマギシチクカツドウセンター,岩手県盛岡市山岸4-11-13,,,1,141.1713022,39.72038583
43,32018,岩手県,盛岡市,仙北地区活動センター,センボクチクカツドウセンター,岩手県盛岡市仙北2-4-13,,,1,141.1496,39.685926
44,32018,岩手県,盛岡市,土淵地区活動センター,ツチブチチクカツドウセンター,岩手県盛岡市前潟4-4-30,,,1,141.096861,39.7102609
45,32018,岩手県,盛岡市,中野地区活動センター,ナカノチクカツドウセンター,岩手県盛岡市東安庭字小森57-1,,,1,141.1687541,39.6808817
46,32018,岩手県,盛岡市,盛岡市総合福祉センター,モリオカシソウゴウフクシセンター,岩手県盛岡市若園町2-2,,,1,141.1580152,39.70313632
47,32018,岩手県,盛岡市,玉山総合福祉センタ－,タマヤマソウゴウフクシセンター,岩手県盛岡市渋民字泉田360,,,1,141.1671139,39.84671032
48,32018,岩手県,盛岡市,かつら荘,カツラソウ,岩手県盛岡市前九年3-7-1,,,1,141.1210807,39.71714083
49,32018,岩手県,盛岡市,しらたき工房,シラタキコウボウ,岩手県盛岡市川目15-1-6,,,1,141.1953807,39.68947965
50,32018,岩手県,盛岡市,ひまわり学園,ヒマワリガクエン,岩手県盛岡市前九年3-12-38,,,1,141.1211448,39.71922453
51,32018,岩手県,盛岡市,山岸老人憩いの家,ヤマギシロウジンイコイノイエ,岩手県盛岡市山岸6-13-13,,,1,141.1717453,39.72811724
52,32018,岩手県,盛岡市,高松老人憩いの家,タカマツロウジンイコイノイエ,岩手県盛岡市高松3-8-53,,,1,141.1419821,39.72831578
53,32018,岩手県,盛岡市,西青山老人憩いの家,ニシアオヤマロウジンイコイノイエ,岩手県盛岡市西青山3-6-30,,,1,141.1022663,39.72232233
54,32018,岩手県,盛岡市,津志田老人福祉センター,ツシダロウジンフクシセンター,岩手県盛岡市津志田西2-16-90,,,1,141.1486089,39.66328459
55,32018,岩手県,盛岡市,杜陵老人福祉センター,トリョウロウジンフクシセンター,岩手県盛岡市南大通1-7-5,,,1,141.1556124,39.69823447
56,32018,岩手県,盛岡市,西厨川老人福祉センター,ニシクリヤガワロウジンフクシセンター,岩手県盛岡市北天昌寺町7-27,,,1,141.1175119,39.71237429
57,32018,岩手県,盛岡市,乙部老人福祉センター,オトベロウジンフクシセンター,岩手県盛岡市乙部28-34-5,,,1,141.200068,39.60696833
58,32018,岩手県,盛岡市,仙北児童センター・仙北老人福祉センター,センボクジドウセンター・センボクロウジンフクシセンター,岩手県盛岡市東仙北1-6-27,,,1,141.155927,39.68606262
59,32018,岩手県,盛岡市,山王児童センター・山王老人福祉センター,サンノウロウジンセンター・サンノウロウジンフクシセンター,岩手県盛岡市山王町10-25,,,1,141.1651198,39.70008335
60,32018,岩手県,盛岡市,上田児童センター・上田老人福祉センター,ウエダジドウセンター・ウエダロウジンフクシセンタ－,岩手県盛岡市上田4-5-18,,,1,141.1349199,39.72122468
61,32018,岩手県,盛岡市,上堂児童センター・上堂老人福祉センター,カミドウジドウセンター・カミドウロウジンフクシセンター,岩手県盛岡市上堂3-17-10,,,1,141.1271693,39.72857328
62,32018,岩手県,盛岡市,緑が丘児童センター・緑が丘老人福祉センター,ミドリガオカジドウセンター・ミドリガオカロウジンフクシセンター,岩手県盛岡市緑が丘3-19-18,,,1,141.1447827,39.73745472
63,32018,岩手県,盛岡市,北松園児童センター・北松園老人福祉センター,キタマツゾノジドウセンター・キタマツゾノオルジンフクシセンター,岩手県盛岡市北松園4-1-4,,,1,141.1747388,39.76009433
64,32018,岩手県,盛岡市,桜城老人福祉センター,サクラギロウジンフクシセンター,岩手県盛岡市大通3-8-18,,,1,141.140439,39.70381818
65,32018,岩手県,盛岡市,川目児童センター・川目老人福祉センター,カワメジドウセンター・カワメロウジンフクシセンター,岩手県盛岡市東山1-15-1,,,1,141.1764692,39.69208947
66,32018,岩手県,盛岡市,北厨川児童センター・北厨川老人福祉センター,キタクリヤガワジドウセンター・キタクリヤガワロウジンフクシセンター,岩手県盛岡市厨川1-14-1,,,1,141.1312806,39.74545947
67,32018,岩手県,盛岡市,仁王児童センター・仁王老人福祉センター,ニオウジドウセンター・ニオウロウジンフクシセンター,岩手県盛岡市名須川町21-1,,,1,141.1496551,39.7102247
68,32018,岩手県,盛岡市,山岸児童センター・山岸老人福祉センター,ヤマギシジドウセンター・ヤマギシロウジンフクシセンター,岩手県盛岡市下米内1-3-18,,,1,141.1743044,39.71574564
69,32018,岩手県,盛岡市,大慈寺児童センター・大慈寺老人福祉センター,ダイジジジドウセンター・ダイジジロウジンフクシセンター,岩手県盛岡市茶畑2-16-20,,,1,141.1605233,39.69123192
70,32018,岩手県,盛岡市,下太田児童センター・下太田老人福祉センター,シモオオタジドウセンター・シモオオタロウジンフクシセンター,岩手県盛岡市下太田榊14-22,,,1,141.1171414,39.6961225
71,32018,岩手県,盛岡市,上米内児童センター・上米内老人福祉センター,カミヨナイジドウセンター・カミヨナイロウジンフクシセンター,岩手県盛岡市桜台2-18-5,,,1,141.1966883,39.74913901
72,32018,岩手県,盛岡市,世代交流センター・見前児童センター,セダイコウリュウセンター・ミルマエジドウセンター,岩手県盛岡市西見前13-25-3,,,1,141.1632241,39.64183404
73,32018,岩手県,盛岡市,川目児童センター簗川分室・簗川老人福祉センター・簗川支所,カワメジドウセンターヤナガワブンシツ・ヤナガワロウジンフクシセンター・ヤナガワシショ,岩手県盛岡市川目10-78-1,,,1,141.1977806,39.6719799
74,32018,岩手県,盛岡市,プラザおでって2階,プラザオデッテ,岩手県盛岡市中ﾉ橋通1-1-10,,,1,141.1547158,39.70001527
75,32018,岩手県,盛岡市,ユートランド姫神,ユートランドヒメカミ,岩手県盛岡市下田字生出893-11,,,1,141.1128875,39.85911436
76,32018,岩手県,盛岡市,岩洞活性化センター,ガンドウカッセイカセンター,岩手県盛岡市薮川字外山35-45,,,1,141.3634531,39.82800496
77,32018,岩手県,盛岡市,岩洞湖家族旅行村,ガンドウコカゾクリョコウムラ,岩手県盛岡市薮川字亀橋33-4,,,1,141.3451509,39.82889504
78,32018,岩手県,盛岡市,盛岡市中央卸売市場,モリオカシチュウオウオロシウリシジョウ,岩手県盛岡市羽場10-100,,,2,141.1291323,39.65329077
79,32018,岩手県,盛岡市,盛岡手づくり村,モリオカテヅクリムラ,岩手県盛岡市繋字尾入野64-102,,,1,141.0243637,39.69300889
80,32018,岩手県,盛岡市,盛岡市斎場やすらぎの丘,モリオカシサイジョウヤスラギノオカ,岩手県盛岡市三ﾂ割字寺山46-1,,,2,141.1584812,39.71282504
81,32018,岩手県,盛岡市,好摩幼稚園,コウマヨウチエン,岩手県盛岡市好摩字上山13-1,,,1,141.175905,39.87371459
82,32018,岩手県,盛岡市,仁王小学校,ニオウショウガッコウ,岩手県盛岡市本町通2-18-1,,,1,141.1483407,39.70984464
83,32018,岩手県,盛岡市,城南小学校,ジョウナンショウガッコウ,岩手県盛岡市若園町9-20,,,1,141.161441,39.70355947
84,32018,岩手県,盛岡市,桜城小学校,サクラギショウガッコウ,岩手県盛岡市大通3-8-1,,,1,141.1408871,39.7040207
85,32018,岩手県,盛岡市,厨川小学校,クリヤガワショウガッコウ,岩手県盛岡市前九年1-2-1,,,1,141.1288762,39.71293577
86,32018,岩手県,盛岡市,仙北小学校,センボクショウガッコウ,岩手県盛岡市仙北2-19-1,,,1,141.1528785,39.68558997
87,32018,岩手県,盛岡市,杜陵小学校,トリョウショウガッコウ,岩手県盛岡市肴町1-6,,,1,141.1525692,39.6989057
88,32018,岩手県,盛岡市,山岸小学校,ヤマギシショウガッコウ,岩手県盛岡市山岸2-13-1,,,1,141.1694403,39.71419826
89,32018,岩手県,盛岡市,大慈寺小学校,ダイジジショウガッコウ,岩手県盛岡市大慈寺町6-47,,,1,141.158297,39.69286813
90,32018,岩手県,盛岡市,米内小学校,ヨナイショウガッコウ,岩手県盛岡市上米内字米内沢50-9,,,1,141.2012083,39.75484984
91,32018,岩手県,盛岡市,中野小学校,ナカノショウガッコウ,岩手県盛岡市中野2-12-1,,,1,141.1667294,39.69097068
92,32018,岩手県,盛岡市,本宮小学校,モトミヤショウガッコウ,岩手県盛岡市本宮2-25-1,,,1,141.1401467,39.68822674
93,32018,岩手県,盛岡市,青山小学校,アオヤマショウガッコウ,岩手県盛岡市青山2-7-2,,,1,141.1138856,39.72423523
94,32018,岩手県,盛岡市,北厨川小学校,キタクリヤガワショウガッコウ,岩手県盛岡市厨川3-5-1,,,1,141.1349651,39.75111999
95,32018,岩手県,盛岡市,河北小学校,カホクショウガッコウ,岩手県盛岡市長田町16-1,,,1,141.1395577,39.71006582
96,32018,岩手県,盛岡市,上田小学校,ウエダショウガッコウ,岩手県盛岡市上田3-16-45,,,1,141.1387097,39.71927269
97,32018,岩手県,盛岡市,山王小学校,サンノウショウガッコウ,岩手県盛岡市小杉山3-1,,,1,141.1699261,39.69680298
98,32018,岩手県,盛岡市,緑が丘小学校,ミドリガオカショウガッコウ,岩手県盛岡市黒石野1-6-1,,,1,141.1480384,39.73964412
99,32018,岩手県,盛岡市,太田小学校,オオタショウガッコウ,岩手県盛岡市上太田上吉本1-1,,,1,141.0800483,39.68798994
100,32018,岩手県,盛岡市,太田東小学校,オオタヒガシショウガッコウ,岩手県盛岡市上太田上野屋敷8-1,,,1,141.0966062,39.69366856
101,32018,岩手県,盛岡市,城北小学校,ジョウホクショウガッコウ,岩手県盛岡市みたけ3-12-1,,,1,141.1142227,39.73861299
102,32018,岩手県,盛岡市,大新小学校,ダイシンショウガッコウ,岩手県盛岡市南青山町6-10,,,1,141.1145564,39.71809925
103,32018,岩手県,盛岡市,松園小学校,マツゾノショウガッコウ,岩手県盛岡市松園3-12-1,,,1,141.1622811,39.7511586
104,32018,岩手県,盛岡市,高松小学校,タカマツショウガッコウ,岩手県盛岡市上田堤2-31-12,,,1,141.155021,39.72992439
105,32018,岩手県,盛岡市,東松園小学校,ヒガシマツゾノショウガッコウ,岩手県盛岡市東松園2-5-1,,,1,141.1644071,39.75723717
106,32018,岩手県,盛岡市,北松園小学校,キタマツゾノショウガッコウ,岩手県盛岡市北松園2-12-1,,,1,141.1726275,39.7597264
107,32018,岩手県,盛岡市,向中野小学校,ムカイナカノショウガッコウ,岩手県盛岡市向中野2-39-27,,,1,141.1412757,39.68099251
108,32018,岩手県,盛岡市,見前小学校,ミルマエショウガッコウ,岩手県盛岡市西見前18-17-2,,,1,141.1623325,39.64832369
109,32018,岩手県,盛岡市,飯岡小学校,イイオカショウガッコウ,岩手県盛岡市下飯岡8-48,,,1,141.124815,39.66750665
110,32018,岩手県,盛岡市,羽場小学校,ハバショウガッコウ,岩手県盛岡市羽場17-55-2,,,1,141.1122751,39.65471553
111,32018,岩手県,盛岡市,永井小学校,ナガイショウガッコウ,岩手県盛岡市永井10-16,,,1,141.1411795,39.65290383
112,32018,岩手県,盛岡市,手代森小学校,テシロモリショウガッコウ,岩手県盛岡市手代森22-47,,,1,141.1870631,39.63959243
113,32018,岩手県,盛岡市,津志田小学校,ツシダショウガッコウ,岩手県盛岡市津志田中央1-8-40,,,1,141.1554804,39.66391528
114,32018,岩手県,盛岡市,見前南小学校,ミルマエミナミショウガッコウ,岩手県盛岡市西見前13-167,,,1,141.1642593,39.63939689
115,32018,岩手県,盛岡市,都南東小学校,トナンヒガシショウガッコウ,岩手県盛岡市乙部12-16-1,,,1,141.201554,39.61390963
116,32018,岩手県,盛岡市,玉山小学校,タマヤマショウガッコウ,岩手県盛岡市日戸字市の坪53,,,1,141.1976102,39.7990433
117,32018,岩手県,盛岡市,渋民小学校,シブタミショウガッコウ,岩手県盛岡市渋民字鶴塚114,,,1,141.1675065,39.8475686
118,32018,岩手県,盛岡市,巻堀小学校,マキホリショウガッコウ,岩手県盛岡市巻堀字巻堀12-1,,,1,141.1952301,39.89388645
119,32018,岩手県,盛岡市,好摩小学校,コウマショウガッコウ,岩手県盛岡市好摩字夏間木70-60,,,1,141.1689027,39.87355563
120,32018,岩手県,盛岡市,下橋中学校,シモノハシチュウガッコウ,岩手県盛岡市馬場町1-1,,,1,141.1465752,39.69814942
121,32018,岩手県,盛岡市,下小路中学校,シタコウジチュウガッコウ,岩手県盛岡市愛宕町1-1,,,1,141.1563428,39.70832743
122,32018,岩手県,盛岡市,厨川中学校,クリヤガワチュウガッコウ,岩手県盛岡市青山2-7-1,,,1,141.1156118,39.72389381
123,32018,岩手県,盛岡市,上田中学校,ウエダチュウガッコウ,岩手県盛岡市上田2-1-1,,,1,141.1478761,39.71447791
124,32018,岩手県,盛岡市,河南中学校,カナンチュウガッコウ,岩手県盛岡市茶畑2-17-1,,,1,141.1628437,39.69092271
125,32018,岩手県,盛岡市,仙北中学校,センボクチュウガッコウ,岩手県盛岡市仙北3-18-1,,,1,141.1535033,39.68341601
126,32018,岩手県,盛岡市,米内中学校,ヨナイチュウガッコウ,岩手県盛岡市桜台2-19-1,,,1,141.197725,39.74901621
127,32018,岩手県,盛岡市,土淵中学校,ツチブチチュウガッコウ,岩手県盛岡市土淵字幅2-3,,,1,141.0915095,39.71320178
128,32018,岩手県,盛岡市,黒石野中学校,クロイシノチュウガッコウ,岩手県盛岡市黒石野3-15-1,,,1,141.1414627,39.74108595
129,32018,岩手県,盛岡市,黒石野中学校北杜分校,クロイシノチュウガッコウホクトブンコウ,岩手県盛岡市厨川2-3-1,,,1,141.1365369,39.74232989
130,32018,岩手県,盛岡市,城西中学校,ジョウセイチュウガッコウ,岩手県盛岡市城西町4-1,,,1,141.1278643,39.70427121
131,32018,岩手県,盛岡市,城東中学校,ジョウトウチュウガッコウ,岩手県盛岡市東新庄1-30-1,,,1,141.1728116,39.701822
132,32018,岩手県,盛岡市,大宮中学校,オオミヤチュウガッコウ,岩手県盛岡市本宮字大宮5-1,,,1,141.1128203,39.68398493
133,32018,岩手県,盛岡市,松園中学校,マツゾノチュウガッコウ,岩手県盛岡市東松園2-14-1,,,1,141.1674714,39.75561043
134,32018,岩手県,盛岡市,北松園中学校,キタマツゾノチュウガッコウ,岩手県盛岡市北松園4-34-1,,,1,141.1757046,39.76023397
135,32018,岩手県,盛岡市,見前中学校,ミルマエチュウガッコウ,岩手県盛岡市津志田14-34,,,1,141.159394,39.65507778
136,32018,岩手県,盛岡市,飯岡中学校,イイオカチュウガッコウ,岩手県盛岡市下飯岡6-51-1,,,1,141.1182435,39.66530267
137,32018,岩手県,盛岡市,乙部中学校,オトベチュウガッコウ,岩手県盛岡市黒川21-51,,,1,141.1873996,39.6218351
138,32018,岩手県,盛岡市,見前南中学校,ミルマエミナミチュウガッコウ,岩手県盛岡市西見前16-73,,,1,141.161221,39.64263304
139,32018,岩手県,盛岡市,玉山中学校,タマヤマチュウガッコウ,岩手県盛岡市日戸字鷹高39-2,,,1,141.1896985,39.79566604
140,32018,岩手県,盛岡市,渋民中学校,シブタミチュウガッコウ,岩手県盛岡市下田字下田106,,,1,141.1639811,39.85026519
141,32018,岩手県,盛岡市,巻堀中学校,マキホリチュウガッコウ,岩手県盛岡市好摩字夏間木70-1,,,1,141.1681541,39.87526312
142,32018,岩手県,盛岡市,盛岡市立高校,モリオカシリツコウコウ,岩手県盛岡市上太田上川原96,,,2,141.086833,39.6991055
143,32018,岩手県,盛岡市,米内浄水場,ヨナイジョウスイジョウ,岩手県盛岡市上米内字中居49,,,1,141.2017104,39.74472652
144,32018,岩手県,盛岡市,中屋敷浄水場,ナカヤシキジョウスイジョウ,岩手県盛岡市中屋敷町9-35,,,1,141.11716,39.70877599
145,32018,岩手県,盛岡市,沢田浄水場,サワダジョウスイジョウ,岩手県盛岡市東中野字沢田7,,,1,141.1770658,39.68414052
146,32018,岩手県,盛岡市,新庄浄水場,シンジョウジョウスイジョウ,岩手県盛岡市加賀野字桜山86,,,1,141.1731943,39.70698962
147,32018,岩手県,盛岡市,下水道施設管理課,ゲスイドウシセツカンリカ,岩手県盛岡市東安庭2-8-3,,,1,141.1646905,39.67701117
148,32018,岩手県,盛岡市,夕顔瀬地区コミュニティ消防センター,ユウガオセチクコミュニティショウボウセンター,岩手県盛岡市夕顔瀬町1-41,,,1,141.1337235,39.7074887
149,32018,岩手県,盛岡市,杜陵地区コミュニティ消防センター,トリョウチクコミュニティショウボウセンター,岩手県盛岡市肴町9-31,,,1,141.1529848,39.69725283
150,32018,岩手県,盛岡市,盛岡市立つなぎ多目的運動場,モリオカシリツツナギタモクテキウンドウジョウ,岩手県盛岡市繋字除ｷ32-2,,,1,141.0014024,39.66786041
151,32018,岩手県,盛岡市,盛岡市立つなぎスポーツ研修センター,モリオカシリツツナギスポーツケンシュウセンター,岩手県盛岡市繋字舘市69-2,,,1,141.0209549,39.67365038
152,32018,岩手県,盛岡市,みちのくコカ・コーラボトリングリンク（盛岡市アイスリンク）,ミチノクコカ・コーラボトリングリンク（モリオカシアイスリンク）,岩手県盛岡市本宮5-3-3,,,1,141.1221008,39.69144462
153,32018,岩手県,盛岡市,松園テニスコート,マツゾノテニスコート,岩手県盛岡市西松園3-19-4,,,1,141.1610356,39.75672512
154,32018,岩手県,盛岡市,石川啄木記念館,イシカワタクボクキネンカン,岩手県盛岡市渋民字渋民9,,,1,141.1712612,39.84604782
155,32018,岩手県,盛岡市,見前南地区公民館,ミルマエミナミチクコウミンカン,岩手県盛岡市西見前13-50,,,1,141.1637522,39.64128699
156,32018,岩手県,盛岡市,盛岡市リサイクルセンター,モリオカシリサイクルセンター,岩手県盛岡市川又字大日向32-5,,,1,141.2061053,39.77305563
157,32018,岩手県,盛岡市,青山地区活動センター体育館,アオヤマチクカツドウセンタータイイクカン,岩手県盛岡市月が丘1-26-1,,,1,141.1131437,39.73203074
158,32018,岩手県,盛岡市,緑が丘地区活動センター,ミドリガオカチクカツドウセンター,岩手県盛岡市黒石野2-14-1,,,1,141.1458211,39.74236099
159,32018,岩手県,盛岡市,湯沢地域交流活性化センター,ユザワチイキコウリュウカッセイカセンター,岩手県盛岡市湯沢西3-4-14,,,1,141.0949759,39.63947065
160,32018,岩手県,盛岡市,仁王地区活動センター,ニオウチクカツドウセンター,岩手県盛岡市三ﾂ割字下更ﾉ沢26-4,,,1,141.1576419,39.72697575
161,32018,岩手県,盛岡市,東中野運動広場,ヒガシナカノウンドウヒロバ,岩手県盛岡市東中野立石8-11,,,1,141.1729192,39.68477391
162,32018,岩手県,盛岡市,盛岡市屋内ゲートボール場,モリオカシオクナイゲートボールジョウ,岩手県盛岡市前九年3丁目9-37,,,1,141.1208464,39.71746067
163,32018,岩手県,盛岡市,都南体育館,トナンタイイクカン,岩手県盛岡市津志田14地割19-1,,,1,141.1606777,39.65459789
164,32018,岩手県,盛岡市,盛岡市弓道場,モリオカシキュウドウジョウ,岩手県盛岡市加賀野4丁目18-27,,,1,141.1704903,39.70921832
165,32018,岩手県,盛岡市,都南中央公園プール,トナンチュウオウコウエンプール,岩手県盛岡市永井24地割3-2,,,1,141.1556,39.65045179
166,32018,岩手県,盛岡市,岩手公園地下駐車場,イワテコウエンチカチュウシャジョウ,岩手県盛岡市内丸1-55,,,1,141.1526057,39.7010139
167,32018,岩手県,盛岡市,サンライフ盛岡,サンライフモリオカ,岩手県盛岡市仙北2丁目4-12,,,1,141.1501051,39.68597387
168,32018,岩手県,盛岡市,飯岡体育館（飯岡地区公民館）,イイオカタイイクカン,岩手県盛岡市下飯岡8地割86,,,1,141.1241071,39.66574187
169,32018,岩手県,盛岡市,盛岡バスセンター３階,モリオカバスセンター　サンカイ,岩手県盛岡市中ノ橋通１丁目９,,,1,141.1573127,39.7000443
170,32018,岩手県,盛岡市,みたけ老人福祉センター,ミタケロウジンフクシセンター,岩手県盛岡市みたけ3丁目13-23,,,1,141.1147819,39.73826743
171,32018,岩手県,盛岡市,太田幼稚園,オオタヨウチエン,岩手県盛岡市上太田吉本9,,,1,141.0817388,39.68764509
172,32018,岩手県,盛岡市,米内幼稚園,ヨナイヨウチエン,岩手県盛岡市上米内字米内沢89,,,1,141.2020275,39.75472523
173,32018,岩手県,盛岡市,都南老人福祉センター,トナンロウジンフクシセンター,岩手県盛岡市下飯岡８－１００,,,1,141.1237611,39.66688515
174,32018,岩手県,盛岡市,都南文化会館・都南公民館,トナンブンカカイカン・トナンコウミンカン,岩手県盛岡市永井24地割10-1,,,1,141.1548372,39.6524608
175,32018,岩手県,盛岡市,大ケ生消防屯所,オオガユウショウボウトンショ,岩手県盛岡市乙部20地割84-3,,,1,141.2317024,39.6114257
176,32018,岩手県,盛岡市,永井地域交流活性化センター,ナガイチイキコウリュウカッセイカセンター,岩手県盛岡市永井23地割14-1,,,1,141.1516676,39.65306275
177,32018,岩手県,盛岡市,乙部体育館,オトベタイイクカン,岩手県盛岡市乙部6地割79-1,,,1,141.1931234,39.61604327
178,32018,岩手県,盛岡市,盛岡市立図書館,モリオカシリツトショカン,岩手県盛岡市高松一丁目9-45,,,1,141.1417312,39.72084197
179,32018,岩手県,盛岡市,盛岡市勤労福祉会館,モリオカシキンロウフクシカイカン,岩手県盛岡市紺屋町2-9,,,1,141.1561442,39.70163131
180,32018,岩手県,盛岡市,道の駅もりおか渋民,ミチノエキモリオカシブタミ,岩手県盛岡市渋民字渋民80番地42,,,2,141.1735196,39.84598622
181,32018,岩手県,盛岡市,いわぎんスタジアム（盛岡南公園球技場）,イワギンスタジアム（モリオカミナミコウエンキュウギジョウ）,岩手県盛岡市永井8-65,,,1,141.1378308,39.6478755
182,32018,岩手県,盛岡市,本宮地区活動センター・本宮児童センター・本宮老人福祉センター,モトミヤチクカツドウセンター・モトミヤジドウセンター・モトミヤロウジンフクシセンター,岩手県盛岡市本宮4-38-26,,,1,141.1298331,39.68768214
183,32018,岩手県,盛岡市,志波城古代公園,シワジョウコダイコウエン,岩手県盛岡市上鹿妻五兵衛新田47-11,,,1,141.1067995,39.68339038
184,32018,岩手県,盛岡市,渋民運動公園B&G海洋センタープール,シブタミウンドウコウエンビーアンドギーカイヨウセンタープール,岩手県盛岡市玉山区下田字下田108-1,,,1,141.1647713,39.84934701
185,32018,岩手県,盛岡市,月が丘小学校,ツキガオカショウガッコウ,岩手県滝沢市穴口328,,,1,141.1032577,39.73404316
186,32018,岩手県,盛岡市,北陵中学校,ホクリョウチュウガッコウ,岩手県滝沢市穴口419,,,1,141.1155191,39.74845962
187,32018,岩手県,盛岡市,盛岡市立区界高原少年自然の家,モリオカシリツクザカイコウゲンショウネンシゼンノイエ,岩手県宮古市門馬田代2-111,,,1,141.356195,39.65474495
188,32018,岩手県,盛岡市,好摩体育館,コウマタイイクカン,岩手県盛岡市好摩字野中69-48,,,1,141.1674795,39.87755829
